ma_item,ten_san_pham,tu_khoa,cap_bao_bi,site_ap_dung,thi_truong,so_thang_tctp,so_thang_hddg,so_thang_ap_dung,nguon_hsd,quy_tac_hsd,quy_tac_ngay_tran,dong1_loai,dong1_nhan,dong1_mau_ngay,dong1_thanh_phan,dong2_loai,dong2_nhan,dong2_mau_ngay,dong2_thanh_phan,dong3_loai,dong3_nhan,dong3_mau_ngay,dong3_thanh_phan,dong4_loai,dong4_nhan,dong4_mau_ngay,dong4_thanh_phan,ghi_chu_in,nguon_form,trang_thai,trang_thai_duyet,nguoi_cap_nhat,cap_nhat_luc,ngay_ra_soat_ke_tiep,canh_bao
02KK00313,Mì Kokomi Tôm chua cay 30gói x 65gr,KKM 65; KKM TMB; KKM TCC; KKM TCC 30,gói; thùng,MBP; MIP; MHP,VN,5,5,5,TCTP,NSX + N tháng,LUI_CUOI_THANG,PROD,NSX,DDMMYY,hh:mm,EXPIRY,HSD,DDMMYY,#*S,,,,,,,,,,,Đang áp dụng,DA_DUYET,nhập từ Master_DateCode.xlsx,2026-08-31,2027-08-31,
02KK00314,Mì Kokomi Tôm chua cay 100gói x 65gr,KKM TCC 100; KKM TMB 100,gói; thùng,MBP; MIP; MHP,VN,5,5,5,TCTP,NSX + N tháng,LUI_CUOI_THANG,PROD,NSX,DDMMYY,hh:mm,EXPIRY,HSD,DDMMYY,#*S,,,,,,,,,,,Đang áp dụng,DA_DUYET,nhập từ Master_DateCode.xlsx,2026-08-31,2027-08-31,
02KK00320,Mì Kokomi Bò hầm rau thơm MB 30gói x 75gr,KKM ĐB,gói; thùng,MBP; MIP; MHP,VN,5,5,5,TCTP,NSX + N tháng,LUI_CUOI_THANG,PROD,NSX,DDMMYY,hh:mm,EXPIRY,HSD,DDMMYY,#*S,,,,,,,,,,,Đang áp dụng,DA_DUYET,nhập từ Master_DateCode.xlsx,2026-08-31,2027-08-31,
02KK00321,Mì Kokomi Đại hộp Tôm chua cay 24hộp x 65gr,KKM Ly,gói; thùng,MBP; MIP; MHP,VN,5,5,5,TCTP,NSX + N tháng,LUI_CUOI_THANG,PROD,NSX,DDMMYY,hh:mm,EXPIRY,HSD,DDMMYY,#*S,,,,,,,,,,,Đang áp dụng,DA_DUYET,nhập từ Master_DateCode.xlsx,2026-08-31,2027-08-31,
02KK00361,Mì Kokomi Đại 90 Tôm chua cay MB 30gói x 90gr,KKM 90,gói; thùng,MBP; MIP; MHP,VN,5,5,5,TCTP,NSX + N tháng,LUI_CUOI_THANG,PROD,NSX,DDMMYY,hh:mm,EXPIRY,HSD,DDMMYY,#*S,,,,,,,,,,,Đang áp dụng,DA_DUYET,nhập từ Master_DateCode.xlsx,2026-08-31,2027-08-31,
02KK00369,Mì Kokomi Đại 90 hộp Tôm chua cay thường ngày (có thịt) 24hộp x 90gr,KKM ly 90,gói; thùng,MBP; MIP,VN,4,4,4,TCTP,NSX + N tháng,LUI_CUOI_THANG,PROD,NSX,DDMMYY,hh:mm,EXPIRY,HSD,DDMMYY,#*S,,,,,,,,,,,Đang áp dụng,DA_DUYET,nhập từ Master_DateCode.xlsx,2026-08-31,2027-08-31,
02KK00463,Mì Komi xốt Thái 24ly x 66gr,Komi xốt thát,gói; thùng,MBP; MIP,VN,5,5,5,TCTP,NSX + N tháng,LUI_CUOI_THANG,PROD,NSX,DDMMYY,hh:mm,EXPIRY,HSD,DDMMYY,#*S,,,,,,,,,,,Đang áp dụng,DA_DUYET,nhập từ Master_DateCode.xlsx,2026-08-31,2027-08-31,
02KK00464,Mì Komi vị sườn cay ớt xiêm xanh 24ly x 60gr,Komi OXX; Komi ớt xiêm xanh,gói; thùng,MBP; MIP,VN,5,5,5,TCTP,NSX + N tháng,LUI_CUOI_THANG,PROD,NSX,DDMMYY,hh:mm,EXPIRY,HSD,DDMMYY,#*S,,,,,,,,,,,Đang áp dụng,DA_DUYET,nhập từ Master_DateCode.xlsx,2026-08-31,2027-08-31,
02KK00465,Mì trộn Komi tôm cay 24ly x 68gr,Komi cay,gói; thùng,MBP; MIP,VN,5,5,5,TCTP,NSX + N tháng,LUI_CUOI_THANG,PROD,NSX,DDMMYY,hh:mm,EXPIRY,HSD,DDMMYY,#*S,,,,,,,,,,,Đang áp dụng,DA_DUYET,nhập từ Master_DateCode.xlsx,2026-08-31,2027-08-31,
02KK00494,Mì Komi xốt kiểu Thái (QR) 24ly x 60gr,Komi xốt thái QR,gói; thùng,MBP; MIP,VN,5,5,5,TCTP,NSX + N tháng,LUI_CUOI_THANG,PROD,NSX,DDMMYY,hh:mm,EXPIRY,HSD,DDMMYY,#*S,,,,,,,,,,,Đang áp dụng,DA_DUYET,nhập từ Master_DateCode.xlsx,2026-08-31,2027-08-31,
02KK00496,Mì Komi vị sườn cay ớt xiêm xanh (QR) 24ly x 60gr,Komi OXX QR; Komi ớt xiêm xanh QR,gói; thùng,MBP; MIP,VN,5,5,5,TCTP,NSX + N tháng,LUI_CUOI_THANG,PROD,NSX,DDMMYY,hh:mm,EXPIRY,HSD,DDMMYY,#*S,,,,,,,,,,,Đang áp dụng,DA_DUYET,nhập từ Master_DateCode.xlsx,2026-08-31,2027-08-31,
02KK00497,Mì Kokomi tôm chua cay (QR) 24ly x 65gr,KKM ly QR,gói; thùng,MBP; MIP,VN,5,5,5,TCTP,NSX + N tháng,LUI_CUOI_THANG,PROD,NSX,DDMMYY,hh:mm,EXPIRY,HSD,DDMMYY,#*S,,,,,,,,,,,Đang áp dụng,DA_DUYET,nhập từ Master_DateCode.xlsx,2026-08-31,2027-08-31,
02KK00498,Mì Kokomi Đại 90 tôm chua cay (có thịt) (QR) 24ly x 90gr,KKM ly 90 có thịt,gói; thùng,MBP; MIP,VN,4,4,4,TCTP,NSX + N tháng,LUI_CUOI_THANG,PROD,NSX,DDMMYY,hh:mm,EXPIRY,HSD,DDMMYY,#*S,,,,,,,,,,,Đang áp dụng,DA_DUYET,nhập từ Master_DateCode.xlsx,2026-08-31,2027-08-31,
02OM00338,Mì dinh dưỡng khoai tây Omachi Sườn hầm ngũ quả 30gói x 80gr,OMC Sườn; OMC S,gói; thùng,MBP; MGP,VN,6,6,6,TCTP,NSX + N tháng,LUI_CUOI_THANG,PROD,NSX,DDMMYY,hh:mm,EXPIRY,HSD,DDMMYY,#*S,,,,,,,,,,,Đang áp dụng,DA_DUYET,nhập từ Master_DateCode.xlsx,2026-08-31,2027-08-31,
02OM00381,Mì khoai tây Omachi Special Bò hầm xốt vang 30gói x 92gr,OMC Spe,gói; thùng,MBP; MGP,VN,6,6,6,TCTP,NSX + N tháng,LUI_CUOI_THANG,PROD,NSX,DDMMYY,hh:mm,EXPIRY,HSD,DDMMYY,#*S,,,,,,,,,,,Đang áp dụng,DA_DUYET,nhập từ Master_DateCode.xlsx,2026-08-31,2027-08-31,
02OM00447,Mì Omachi trộn xốt Spaghetti 12tô x 105gr,OMC Spa tô,gói; thùng,MBP; MGP,VN,6,6,6,TCTP,NSX + N tháng,LUI_CUOI_THANG,PROD,NSX,DDMMYY,hh:mm,EXPIRY,HSD,DDMMYY,#*S,,,,,,,,,,,Đang áp dụng,DA_DUYET,nhập từ Master_DateCode.xlsx,2026-08-31,2027-08-31,
02OM00618,Mì dinh dưỡng khoai tây Omachi mì trộn xốt Spaghetti 30gói x 90gr,OMC Spa gói; OMC Spa,gói; thùng,MBP; MGP,VN,6,6,6,TCTP,NSX + N tháng,LUI_CUOI_THANG,PROD,NSX,DDMMYY,hh:mm,EXPIRY,HSD,DDMMYY,#*S,,,,,,,,,,,Đang áp dụng,DA_DUYET,nhập từ Master_DateCode.xlsx,2026-08-31,2027-08-31,
02OM00770,Mì dinh dưỡng khoai tây Omachi xốt Bò hầm 30gói x 81gr,OMC XBH gói; OMC bò gói,gói; thùng,MBP; MGP,VN,6,6,6,TCTP,NSX + N tháng,LUI_CUOI_THANG,PROD,NSX,DDMMYY,hh:mm,EXPIRY,HSD,DDMMYY,#*S,,,,,,,,,,,Đang áp dụng,DA_DUYET,nhập từ Master_DateCode.xlsx,2026-08-31,2027-08-31,
02OM00771,Mì dinh dưỡng khoai tây Omachi hương vị lẩu tôm càng 30gói x 80gr,OMC LTC,gói; thùng,MBP; MGP,VN,6,6,6,TCTP,NSX + N tháng,LUI_CUOI_THANG,PROD,NSX,DDMMYY,hh:mm,EXPIRY,HSD,DDMMYY,#*S,,,,,,,,,,,Đang áp dụng,DA_DUYET,nhập từ Master_DateCode.xlsx,2026-08-31,2027-08-31,
02OM00772,Mì dinh dưỡng khoai tây Omachi hương vị lẩu bắp bò riêu cua 30gói x 80gr,OMC BBRC,gói; thùng,MBP; MGP,VN,6,6,6,TCTP,NSX + N tháng,LUI_CUOI_THANG,PROD,NSX,DDMMYY,hh:mm,EXPIRY,HSD,DDMMYY,#*S,,,,,,,,,,,Đang áp dụng,DA_DUYET,nhập từ Master_DateCode.xlsx,2026-08-31,2027-08-31,
02OM00773,Mì dinh dưỡng khoai tây Omachi hương vị lẩu tôm càng 18tô x 92gr,OMC LTC tô,gói; thùng,MBP; MGP,VN,6,6,6,TCTP,NSX + N tháng,LUI_CUOI_THANG,PROD,NSX,DDMMYY,hh:mm,EXPIRY,HSD,DDMMYY,#*S,,,,,,,,,,,Đang áp dụng,DA_DUYET,nhập từ Master_DateCode.xlsx,2026-08-31,2027-08-31,
02OM00774,Mì dinh dưỡng khoai tây Omachi Sườn hầm ngũ quả 18tô x 96gr,OMC Sườn Tô; OMC S Tô,gói; thùng,MBP; MIP,VN,6,6,6,TCTP,NSX + N tháng,LUI_CUOI_THANG,PROD,NSX,DDMMYY,hh:mm,EXPIRY,HSD,DDMMYY,#*S,,,,,,,,,,,Đang áp dụng,DA_DUYET,nhập từ Master_DateCode.xlsx,2026-08-31,2027-08-31,
02OM00775,Mì dinh dưỡng khoai tây Omachi xốt Bò hầm 18tô x 93gr,OMC XBH tô; OMC bò tô; xbh tô,gói; thùng,MBP; MIP,VN,6,6,6,TCTP,NSX + N tháng,LUI_CUOI_THANG,PROD,NSX,DDMMYY,hh:mm,EXPIRY,HSD,DDMMYY,#*S,,,,,,,,,,,Đang áp dụng,DA_DUYET,nhập từ Master_DateCode.xlsx,2026-08-31,2027-08-31,
02OM00781,Mì dinh dưỡng khoai tây Omachi trộn xốt tôm hương vị phô mai trứng muối 30gói x 92gr,OMC PMTM,gói; thùng,MBP; MIP,VN,6,6,6,TCTP,NSX + N tháng,LUI_CUOI_THANG,PROD,NSX,DDMMYY,hh:mm,EXPIRY,HSD,DDMMYY,#*S,,,,,,,,,,,Đang áp dụng,DA_DUYET,nhập từ Master_DateCode.xlsx,2026-08-31,2027-08-31,
02OM00794,Mì dinh dưỡng khoai tây Omachi trộn hương vị thịt xiên nướng 30gói x 90gr,OMC TXN,gói; thùng,MBP; MIP,VN,6,6,6,TCTP,NSX + N tháng,LUI_CUOI_THANG,PROD,NSX,DDMMYY,hh:mm,EXPIRY,HSD,DDMMYY,#*S,,,,,,,,,,,Đang áp dụng,DA_DUYET,nhập từ Master_DateCode.xlsx,2026-08-31,2027-08-31,
02OM00857,Mì dinh dưỡng khoai tây Omachi xốt Bò hầm 24ly x 67gr,OMC XBH ly; XBH ly không thịt,gói; thùng,MBP; MIP,VN,6,6,6,TCTP,NSX + N tháng,LUI_CUOI_THANG,PROD,NSX,DDMMYY,hh:mm,EXPIRY,HSD,DDMMYY,#*S,,,,,,,,,,,Đang áp dụng,DA_DUYET,nhập từ Master_DateCode.xlsx,2026-08-31,2027-08-31,
02OM00858,Mì dinh dưỡng khoai tây Omachi Sườn hầm ngũ quả 24ly x 70gr,OMC S ly; S ly không thịt,gói; thùng,MBP; MIP,VN,6,6,6,TCTP,NSX + N tháng,LUI_CUOI_THANG,PROD,NSX,DDMMYY,hh:mm,EXPIRY,HSD,DDMMYY,#*S,,,,,,,,,,,Đang áp dụng,DA_DUYET,nhập từ Master_DateCode.xlsx,2026-08-31,2027-08-31,
02OM00859,Mì dinh dưỡng khoai tây Omachi hương vị lẩu tôm càng 24ly x 69gr,OMC LTC ly,gói; thùng,MBP; MGP,VN,6,6,6,TCTP,NSX + N tháng,LUI_CUOI_THANG,PROD,NSX,DDMMYY,hh:mm,EXPIRY,HSD,DDMMYY,#*S,,,,,,,,,,,Đang áp dụng,DA_DUYET,nhập từ Master_DateCode.xlsx,2026-08-31,2027-08-31,
02OM00860,Mì dinh dưỡng khoai tây Omachi xốt Bò hầm (có thịt) 24ly x 113gr,OMC XBH ly có thịt; XBH ly thịt,gói; thùng,MBP; MIP,VN,4,4,4,TCTP,NSX + N tháng,LUI_CUOI_THANG,PROD,NSX,DDMMYY,hh:mm,EXPIRY,HSD,DDMMYY,#*S,,,,,,,,,,,Đang áp dụng,DA_DUYET,nhập từ Master_DateCode.xlsx,2026-08-31,2027-08-31,
02OM00861,Mì dinh dưỡng khoai tây Omachi Sườn hầm ngũ quả (có thịt) 24ly x 115gr,OMC S ly có thịt; S ly thịt,gói; thùng,MBP; MIP,VN,4,4,4,TCTP,NSX + N tháng,LUI_CUOI_THANG,PROD,NSX,DDMMYY,hh:mm,EXPIRY,HSD,DDMMYY,#*S,,,,,,,,,,,Đang áp dụng,DA_DUYET,nhập từ Master_DateCode.xlsx,2026-08-31,2027-08-31,
02OM00862,Mì dinh dưỡng khoai tây Omachi hương vị lẩu tôm càng (có thịt) 24ly x 112gr,OMC LTC ly thịt,gói; thùng,MBP; MIP,VN,4,4,4,TCTP,NSX + N tháng,LUI_CUOI_THANG,PROD,NSX,DDMMYY,hh:mm,EXPIRY,HSD,DDMMYY,#*S,,,,,,,,,,,Đang áp dụng,DA_DUYET,nhập từ Master_DateCode.xlsx,2026-08-31,2027-08-31,
02OM00940,Mì khoai tây Omachi trộn cua xốt ớt 12tô x 96gr,OMC CXO tô,gói; thùng,MBP; MIP,VN,6,6,6,TCTP,NSX + N tháng,LUI_CUOI_THANG,PROD,NSX,DDMMYY,hh:mm,EXPIRY,HSD,DDMMYY,#*S,,,,,,,,,,,Đang áp dụng,DA_DUYET,nhập từ Master_DateCode.xlsx,2026-08-31,2027-08-31,
02OM00951,Mì dinh dưỡng khoai tây Omachi hải sản chua cay 30gói x 80gr,OMC HSCC,gói; thùng,MBP; MGP,VN,6,6,6,TCTP,NSX + N tháng,LUI_CUOI_THANG,PROD,NSX,DDMMYY,hh:mm,EXPIRY,HSD,DDMMYY,#*S,,,,,,,,,,,Đang áp dụng,DA_DUYET,nhập từ Master_DateCode.xlsx,2026-08-31,2027-08-31,
02OM00962,Mì khoai tây Omachi hương vị hải sản chua cay MB 24ly x 67gr,OMC HSCC ly,gói; thùng,MBP; MIP,VN,6,6,6,TCTP,NSX + N tháng,LUI_CUOI_THANG,PROD,NSX,DDMMYY,hh:mm,EXPIRY,HSD,DDMMYY,#*S,,,,,,,,,,,Đang áp dụng,DA_DUYET,nhập từ Master_DateCode.xlsx,2026-08-31,2027-08-31,
03HG00161,HNCS Nấm Shiitake & Tảo Kombu XK Nhật 6hũ x 450gr,,gói; thùng,MIP,JP,18,,18,TCTP,NSX + N tháng,LUI_CUOI_THANG,EXPIRY,BEST BEFORE,YYYY.MM.DD,,,,,hh:mm #*S,,,,,,,,,[bao bì không in NSX — mốc gốc lấy từ lệnh sản xuất],HĐĐG,Đang áp dụng,DA_DUYET,nhập từ Master_DateCode.xlsx,2026-08-31,2027-08-31,
03HG00162,HNCS Nấm Shiitake & Tảo Kombu XK Mỹ 6hũ x 450gr,,gói; thùng,MIP,US,18,,18,TCTP,NSX + N tháng,LUI_CUOI_THANG,EXPIRY,BEST IF USED BY,MM/DD/YYYY,,,,,hh:mm #*S,,,,,,,,,[bao bì không in NSX — mốc gốc lấy từ lệnh sản xuất],HĐĐG,Đang áp dụng,DA_DUYET,nhập từ Master_DateCode.xlsx,2026-08-31,2027-08-31,
03HG00201,HNCS tôm hùm XK Mỹ 6gói x 2kg,,gói; thùng,MIP,US,18,,18,TCTP,NSX + N tháng,LUI_CUOI_THANG,EXPIRY,BEST IF USED BY,MM/DD/YYYY,,,,,hh:mm #*S,,,,,,,,,[bao bì không in NSX — mốc gốc lấy từ lệnh sản xuất],HĐĐG,Đang áp dụng,DA_DUYET,nhập từ Master_DateCode.xlsx,2026-08-31,2027-08-31,
03HG00203,HNCS tôm hùm XK Hàn Quốc 6gói x 2kg,,gói; thùng,MIP,KR,18,,18,TCTP,NSX + N tháng,LUI_CUOI_THANG,PROD,MFG,DD MM YYYY,,EXPIRY,EXP,DD MM YYYY,,,,,hh:mm #*S,,,,,,HĐĐG,Đang áp dụng,DA_DUYET,nhập từ Master_DateCode.xlsx,2026-08-31,2027-08-31,
03HG00204,HNCS tôm hùm XK Mỹ 6hũ x 450gr,,gói; thùng,MIP,US,18,,18,TCTP,NSX + N tháng,LUI_CUOI_THANG,EXPIRY,BEST IF USED BY,MM/DD/YYYY,,,,,hh:mm #*S,,,,,,,,,[bao bì không in NSX — mốc gốc lấy từ lệnh sản xuất],HĐĐG,Đang áp dụng,DA_DUYET,nhập từ Master_DateCode.xlsx,2026-08-31,2027-08-31,
03HG00206,HNCS tôm hùm XK Hàn Quốc 6hũ x 450gr,,gói; thùng,MIP,KR,18,,18,TCTP,NSX + N tháng,LUI_CUOI_THANG,PROD,MFG,DD MM YYYY,,EXPIRY,EXP,DD MM YYYY,,,,,hh:mm #*S,,,,,,HĐĐG,Đang áp dụng,DA_DUYET,nhập từ Master_DateCode.xlsx,2026-08-31,2027-08-31,
03HG00226,HNCS tôm hùm XK Canada (WDT) 6hũ x 450gr,,gói; thùng,MIP,CA,18,,18,TCTP,NSX + N tháng,LUI_CUOI_THANG,EXPIRY,BBF,YYYY MM DD,,LOT,LOT,DDMMYY,,,,,hh:mm #*S,,,,,[bao bì không in NSX — mốc gốc lấy từ lệnh sản xuất] Mô tả: Lot DDMMYY hh:mm line đóng gói,HĐĐG,Đang áp dụng,DA_DUYET,nhập từ Master_DateCode.xlsx,2026-08-31,2027-08-31,
03HG00241,HNCS tôm hùm XK Canada 6hũ x 450gr,,gói; thùng,MIP,CA,18,,18,TCTP,NSX + N tháng,LUI_CUOI_THANG,EXPIRY,BBF,YYYY MM DD,,LOT,LOT,DDMMYY,,,,,hh:mm #*S,,,,,[bao bì không in NSX — mốc gốc lấy từ lệnh sản xuất] Mô tả: Lot DDMMYY hh:mm line đóng gói,HĐĐG,Đang áp dụng,DA_DUYET,nhập từ Master_DateCode.xlsx,2026-08-31,2027-08-31,
03HG00246,HNCS ngọt thanh x5 xương hầm cô đặc & rau củ XKGT China (Lotus CN) 16gói x 400gr,,chai; thùng,MIP,CN,12,,12,TCTP,NSX + N tháng,LUI_CUOI_THANG,PROD,MFG,YYYY/MM/DD,,EXPIRY,EXP,YYYY/MM/DD,,,,,hh:mm #*S,,,,,,HĐĐG,Đang áp dụng,DA_DUYET,nhập từ Master_DateCode.xlsx,2026-08-31,2027-08-31,
03HH00050,Bộ ba XK Costco 3bl x 8bộ (1 Sriracha 500gr + 2 Original 500gr),,gói; thùng,MIP,US,18,,18,TCTP,NSX + N tháng,LUI_CUOI_THANG,EXPIRY,BBF,MMDDYY,,LOT,LOT,DDMMYY,,,,,hh:mm #*S,,,,,[bao bì không in NSX — mốc gốc lấy từ lệnh sản xuất] Ghi chú: Hạn sử dụng 18 tháng,HĐĐG,Đang áp dụng,DA_DUYET,nhập từ Master_DateCode.xlsx,2026-08-31,2027-08-31,
03NM00443,NM NN XK Taiwan 2 (N.I.M) 18chai x 750ml,,gói; thùng,MIP,TW,12,12,12,TCTP,NSX + N tháng,LUI_CUOI_THANG,EXPIRY,EXP,DD/MM/YYYY,,,,,hh:mm #*S,,,,,,,,,[bao bì không in NSX — mốc gốc lấy từ lệnh sản xuất] hh:mm + line đóng gói và chữ I · Expiry date: see on the package (EXP day/month/year),HĐĐG,Đang áp dụng,DA_DUYET,nhập từ Master_DateCode.xlsx,2026-08-31,2027-08-31,
03NM00458,NM NN XK Macau 18Chai x 750ml,,gói; thùng,MIP,MO,12,12,12,TCTP,NSX + N tháng,LUI_CUOI_THANG,EXPIRY,BBF,DD/MM/YYYY,,,,,hh:mm #*S,,,,,,,,,[bao bì không in NSX — mốc gốc lấy từ lệnh sản xuất] hh:mm + line đóng gói và chữ A | hh:mm + line đóng gói và chữ I · Expiry date: see on the package (EXP day/month/year),HĐĐG,Đang áp dụng,DA_DUYET,nhập từ Master_DateCode.xlsx,2026-08-31,2027-08-31,
03NM00459,NM NN XK Macau 24Chai x 500ml,,gói; thùng,MIP,MO,12,12,12,TCTP,NSX + N tháng,LUI_CUOI_THANG,EXPIRY,BBF,DD/MM/YYYY,,,,,hh:mm #*S,,,,,,,,,[bao bì không in NSX — mốc gốc lấy từ lệnh sản xuất] hh:mm + line đóng gói và chữ A | hh:mm + line đóng gói và chữ I · Expiry date: see on the package (EXP day/month/year),HĐĐG,Đang áp dụng,DA_DUYET,nhập từ Master_DateCode.xlsx,2026-08-31,2027-08-31,
03NM00460,NM NN XK Taiwan (N.I.M) 24Chai x 500ml,,gói; thùng,MIP,TW,12,12,12,TCTP,NSX + N tháng,LUI_CUOI_THANG,EXPIRY,EXP,DD/MM/YYYY,,,,,hh:mm #*S,,,,,,,,,[bao bì không in NSX — mốc gốc lấy từ lệnh sản xuất] hh:mm + line đóng gói và chữ I · Expiry date: see on the package (EXP day/month/year),HĐĐG,Đang áp dụng,DA_DUYET,nhập từ Master_DateCode.xlsx,2026-08-31,2027-08-31,
03NM00466,NM NN XK Taiwan 2 (N.I.M) 15chai x 900ml,,gói; thùng,MIP,TW,12,12,12,TCTP,NSX + N tháng,LUI_CUOI_THANG,EXPIRY,EXP,DD/MM/YYYY,,,,,hh:mm #*S,,,,,,,,,"[bao bì không in NSX — mốc gốc lấy từ lệnh sản xuất] hh:mm + line đóng gói và chữ I · Expiry date:
As shown on the packaging (EXP: date/month/year) (dịch từ Taiwan)",HĐĐG,Đang áp dụng,DA_DUYET,nhập từ Master_DateCode.xlsx,2026-08-31,2027-08-31,
03NM00542,NM CS Yod Thong XK Thái Lan 4bl x 6chai x 300ml,,gói; thùng,MIP,TH,24,24,24,TCTP,NSX + N tháng,LUI_CUOI_THANG,PROD,MFG,DDMMYY,,EXPIRY,EXP,DDMMYY,,,,,hh:mm #*S,,,,,Expiry date: see on bottle,HĐĐG,Đang áp dụng,DA_DUYET,nhập từ Master_DateCode.xlsx,2026-08-31,2027-08-31,
03NM00543,NM CS Yod Thong XK Thái Lan 2bl x 6chai x 650ml,,gói; thùng,MIP,TH,24,24,24,TCTP,NSX + N tháng,LUI_CUOI_THANG,PROD,MFG,DDMMYY,,EXPIRY,EXP,DDMMYY,,,,,hh:mm #*S,,,,,Expiry date: see on bottle,HĐĐG,Đang áp dụng,DA_DUYET,nhập từ Master_DateCode.xlsx,2026-08-31,2027-08-31,
03NM00586,NM NN XK Taiwan (Asean VIP) 24Chai x 500ml,,gói; thùng,MIP,TW,12,12,12,TCTP,NSX + N tháng,LUI_CUOI_THANG,PROD,MFG,DD MM YYYY,,EXPIRY,EXP,DD MM YYYY,,,,,hh:mm #*S,,,,,hh:mm + line đóng gói và chữ I · Expiry date: see on the package (EXP day/month/year),HĐĐG,Đang áp dụng,DA_DUYET,nhập từ Master_DateCode.xlsx,2026-08-31,2027-08-31,
03NM00587,NM NN XK Taiwan 1 (Asean VIP) 18Chai x 750ml,,gói; thùng,MIP,TW,12,12,12,TCTP,NSX + N tháng,LUI_CUOI_THANG,PROD,MFG,DD MM YYYY,,EXPIRY,EXP,DD MM YYYY,,,,,hh:mm #*S,,,,,hh:mm + packaging line and letter I · Expiry date: see on the package (EXP day/month/year),HĐĐG,Đang áp dụng,DA_DUYET,nhập từ Master_DateCode.xlsx,2026-08-31,2027-08-31,
03NM00588,CSCH XK Taiwan 1 (Asean VIP) 15chai x 500ml,,gói; thùng,MIP,TW,18,18,18,TCTP,NSX + N tháng,LUI_CUOI_THANG,PROD,MFG,DD/MM/YYYY,,EXPIRY,EXP,DD/MM/YYYY,,,,,hh:mm #*S,,,,,hh:mm + packaging line and letter A · Date of manufacture and expiration date: as shown in the package (day/month/year),HĐĐG,Đang áp dụng,DA_DUYET,nhập từ Master_DateCode.xlsx,2026-08-31,2027-08-31,
03NM00589,CSCH XK Taiwan 2 (N.I.M) 15chai x 500ml,,gói; thùng,MIP,TW,18,18,18,TCTP,NSX + N tháng,LUI_CUOI_THANG,EXPIRY,EXP,DD/MM/YYYY,,,,,hh:mm #*S,,,,,,,,,[bao bì không in NSX — mốc gốc lấy từ lệnh sản xuất] hh:mm + packaging line and letter A · Expiry date: as showed on the packaging (EXP day/month/year),HĐĐG,Đang áp dụng,DA_DUYET,nhập từ Master_DateCode.xlsx,2026-08-31,2027-08-31,
03NM00591,Nm CSCH XK Czech (Dalat) 15chai x 500ml,,gói; thùng,MIP,CZ,18,18,18,TCTP,NSX + N tháng,LUI_CUOI_THANG,PROD,MFG,DD MM YYYY,,EXPIRY,BBF,DD MM YYYY,,,,,hh:mm #*S,,,,,"Manufacture, Best Before date & Lot No: see on package (dd mm yyyy)",HĐĐG,Đang áp dụng,DA_DUYET,nhập từ Master_DateCode.xlsx,2026-08-31,2027-08-31,
03NM00592,CSCH XK Russia 1 (Bonta) 15chai x 500ml,,gói; thùng,MIP,RU,18,,18,TCTP,NSX + N tháng,LUI_CUOI_THANG,PROD,MFG,DDMMYYYY,,EXPIRY,EXP,DDMMYYYY,,,,,hh:mm #*S,,,,,,Thực tế in,Đang áp dụng,DA_DUYET,nhập từ Master_DateCode.xlsx,2026-08-31,2027-08-31,
03NM00611,CSCH XK Canada (WTD) 15 chai x 500ml (KCBQ),,gói; thùng,MIP,CA,36,36,36,TCTP,NSX + N tháng,LUI_CUOI_THANG,EXPIRY,BBF,YYYY MM DD,,LOT,LOT,DDMMYY,,,,,hh:mm #*S,,,,,"[bao bì không in NSX — mốc gốc lấy từ lệnh sản xuất] (ngày/tháng/năm hết hạn) · Best before and Lot code: See on the lid · TCTP nâng HSD Canada 36 tháng đang trình ký, chưa",HĐĐG,Đang áp dụng,DA_DUYET,nhập từ Master_DateCode.xlsx,2026-08-31,2027-08-31,
03NM00612,CSCH XK Mỹ 12chai x 500ml,,gói; thùng,MIP,US,36,36,36,TCTP,NSX + N tháng,LUI_CUOI_THANG,PROD,MFG,MMM DD YY,,EXPIRY,BBF,MMM DD YY,,,,,hh:mm #*S,,,,,Manufacture date and Best before date: See on cap,HĐĐG,Đang áp dụng,DA_DUYET,nhập từ Master_DateCode.xlsx,2026-08-31,2027-08-31,
03NM00614,NM Chinsu NN XK Nhật 18Chai x 750ml,,gói; thùng,MIP,JP,12,12,12,TCTP,NSX + N tháng,LUI_CUOI_THANG,EXPIRY,BBF,YYYYMMDD,,,,,hh:mm #*S,,,,,,,,,[bao bì không in NSX — mốc gốc lấy từ lệnh sản xuất] hh:mm + line đóng gói và chữ A · Hạn sử dụng tốt nhất trước: Được ghi trên chai.,HĐĐG,Đang áp dụng,DA_DUYET,nhập từ Master_DateCode.xlsx,2026-08-31,2027-08-31,
03NM00615,NM Chinsu NN XK Nhật 24Chai x 500ml,,gói; thùng,MIP,JP,12,,12,TCTP,NSX + N tháng,LUI_CUOI_THANG,EXPIRY,BBF,YYYYMMDD,,,,,hh:mm #*S,,,,,,,,,[bao bì không in NSX — mốc gốc lấy từ lệnh sản xuất] hh:mm + line đóng gói và chữ A · Best before date: See on bottle (dịch),HĐĐG,Đang áp dụng,DA_DUYET,nhập từ Master_DateCode.xlsx,2026-08-31,2027-08-31,
03NM00626,NM NN XK Australia (DHN) 18Chai x 750ml,,gói; thùng,MIP,AU,15,15,15,TCTP,NSX + N tháng,LUI_CUOI_THANG,EXPIRY,BBF,DD.MM.YYYY,,LOT,LOT,DDMMYY,,,,,hh:mm #*S,,,,,[bao bì không in NSX — mốc gốc lấy từ lệnh sản xuất] hh:mm | (Hạn sử dụng: ngày/tháng/năm + Lot No.) · Best Before (dd mm yyyy) & Lot No: see on package,HĐĐG,Đang áp dụng,DA_DUYET,nhập từ Master_DateCode.xlsx,2026-08-31,2027-08-31,
03NM00627,CSCH XK Australia (DHN) 15 chai x 500ml,,gói; thùng,MIP,AU,18,18,18,TCTP,NSX + N tháng,LUI_CUOI_THANG,EXPIRY,BBF,DD.MM.YYYY,,,,,hh:mm #*S,,,,,,,,,[bao bì không in NSX — mốc gốc lấy từ lệnh sản xuất] hh:mm + line đóng gói và chữ A · Best Before (dd mm yyyy) & Lot No: see on package,HĐĐG,Đang áp dụng,DA_DUYET,nhập từ Master_DateCode.xlsx,2026-08-31,2027-08-31,
03NM00629,NM NN XK CPC (DMF) 3Bl x 6 chai x 750ml,,gói; thùng,MIP,KH,12,,12,TCTP,NSX + N tháng,LUI_CUOI_THANG,PROD,MFG,DDMMYY,,EXPIRY,EXP,DDMMYY,,,,,hh:mm #*S,,,,,ko tìm thấy,Thực tế in,Đang áp dụng,DA_DUYET,nhập từ Master_DateCode.xlsx,2026-08-31,2027-08-31,
03NM00630,NM NN XK CPC (DMF) 3bl x 8chai x 500ml,,gói; thùng,MIP,KH,12,12,12,TCTP,NSX + N tháng,LUI_CUOI_THANG,PROD,MFG,DDMMYY,,EXPIRY,EXP,DDMMYY,,,,,hh:mm #*S,,,,,"Packaging date, Expiry date & Lot Number: See on package
(day/month/year)",HĐĐG,Đang áp dụng,DA_DUYET,nhập từ Master_DateCode.xlsx,2026-08-31,2027-08-31,
03NM00636,NM CSCH XK Poland (Asia-Foods) 15chai x 500ml,,gói; thùng,MIP,PL,18,18,18,TCTP,NSX + N tháng,LUI_CUOI_THANG,EXPIRY,BBF,DDMMYYYY,,,,,hh:mm #*S,,,,,,,,,[bao bì không in NSX — mốc gốc lấy từ lệnh sản xuất] VN/845/IV…… (mã số lô hàng (*)) | hh:mm + line đóng gói và chữ A | (*) xem văn bản 2468/TS-KHCN;29.8.1998 - Bộ thuỷ sản,HĐĐG,Đang áp dụng,DA_DUYET,nhập từ Master_DateCode.xlsx,2026-08-31,2027-08-31,
03NM00637,NM CSCH XK Poland (Asia-Foods) 12chai x 635ml,,gói; thùng,MIP,PL,18,18,18,TCTP,NSX + N tháng,LUI_CUOI_THANG,EXPIRY,BBF,DD MM YYYY,,,,,hh:mm #*S,,,,,,,,,[bao bì không in NSX — mốc gốc lấy từ lệnh sản xuất] Dòng 2: VN/845/IV…… (mã số lô hàng) · Best Before date & Lot No: see on package (dd mm yyyy),HĐĐG,Đang áp dụng,DA_DUYET,nhập từ Master_DateCode.xlsx,2026-08-31,2027-08-31,
03NM00647,NM NN cao cấp XK Mỹ 12chai x 500ml,,gói; thùng,MIP,US,36,36,36,TCTP,NSX + N tháng,LUI_CUOI_THANG,EXPIRY,BBF,MM/DD/YYYY,,LOT,LOT,DDMMYY,,,,,hh:mm #*S,,,,,[bao bì không in NSX — mốc gốc lấy từ lệnh sản xuất] Best if used by (mm/dd/yyyy) & Lot No: See on package,HĐĐG,Đang áp dụng,DA_DUYET,nhập từ Master_DateCode.xlsx,2026-08-31,2027-08-31,
03NM00665,CSCH XK Australia (Lotus) 15chai x 500ml,,gói; thùng,MIP,AU,18,18,18,TCTP,NSX + N tháng,LUI_CUOI_THANG,EXPIRY,BBF,DD.MM.YYYY,,,,,hh:mm #*S,,,,,,,,,[bao bì không in NSX — mốc gốc lấy từ lệnh sản xuất] hh:mm · Best Before (dd mm yyyy) & Lot No: see on package,HĐĐG,Đang áp dụng,DA_DUYET,nhập từ Master_DateCode.xlsx,2026-08-31,2027-08-31,
03NM00677,NM NN XK Australia Lotus 18Chai x 750ml,,gói; thùng,MIP,AU,15,15,15,TCTP,NSX + N tháng,LUI_CUOI_THANG,EXPIRY,BBF,DD.MM.YYYY,,LOT,LOT,DDMMYY,,,,,hh:mm #*S,,,,,[bao bì không in NSX — mốc gốc lấy từ lệnh sản xuất] hh:mm | (Hạn sử dụng: ngày/tháng/năm + Lot No.) · Best Before (dd mm yyyy) & Lot No: see on package,HĐĐG,Đang áp dụng,DA_DUYET,nhập từ Master_DateCode.xlsx,2026-08-31,2027-08-31,
03NM00688,NM CSCH XK Thụy Điển (Hungfat) 15chai x 500ml,,gói; thùng,MIP,SE,18,18,18,TCTP,NSX + N tháng,LUI_CUOI_THANG,EXPIRY,BBF,DDMMYYYY,,,,,hh:mm #*S,,,,,,,,,[bao bì không in NSX — mốc gốc lấy từ lệnh sản xuất] VN/845/IV…… (mã số lô hàng (*)) | hh:mm + line đóng gói và chữ A | (*) xem văn bản 2468/TS-KHCN;29.8.1998 - Bộ thuỷ sản,HĐĐG,Đang áp dụng,DA_DUYET,nhập từ Master_DateCode.xlsx,2026-08-31,2027-08-31,
03NM00690,NM CSCH XK XK Germany (Asropa) 12chai x 635ml,,gói; thùng,MIP,DE,18,,18,TCTP,NSX + N tháng,LUI_CUOI_THANG,EXPIRY,BBF,DD MM YYYY,,,,,hh:mm #*S,,,,,,,,,[bao bì không in NSX — mốc gốc lấy từ lệnh sản xuất] VN/845/IV......( mã số lô hàng ),HĐĐG,Đang áp dụng,DA_DUYET,nhập từ Master_DateCode.xlsx,2026-08-31,2027-08-31,
03NM00699,NM CSCH XK UK (Longdan) 12chai x 635ml,,gói; thùng,MIP,GB,18,18,18,TCTP,NSX + N tháng,LUI_CUOI_THANG,EXPIRY,BBF,DD MM YYYY,,,,,hh:mm #*S,,,,,,,,,[bao bì không in NSX — mốc gốc lấy từ lệnh sản xuất] Dòng 2: VN/845/IV…… (mã số lô hàng) + hh:mm + line đóng gói và chữ A · Best Before (dd mm yyyy) & Lot No: See on bottle,HĐĐG,Đang áp dụng,DA_DUYET,nhập từ Master_DateCode.xlsx,2026-08-31,2027-08-31,
03NM00708,NM NN cao cấp XK Nhật 12chai x 500ml,,gói; thùng,MIP,JP,36,36,36,TCTP,NSX + N tháng,LUI_CUOI_THANG,EXPIRY,BBD,YYMMDD,,,,,hh:mm #*S,,,,,,,,,[bao bì không in NSX — mốc gốc lấy từ lệnh sản xuất] Best if used by (mm/dd/yyyy) & Lot No: See on package,HĐĐG,Đang áp dụng,DA_DUYET,nhập từ Master_DateCode.xlsx,2026-08-31,2027-08-31,
03NM00711,CSCH XK China (XingBao) 15chai x 500ml,,chai; thùng,MIP,CN,24,24,24,TCTP,NSX + N tháng,LUI_CUOI_THANG,PROD,MFG,YYYY/MM/DD,,EXPIRY,EXP,YYYY/MM/DD,,,,,hh:mm #*S,,,,,Ngày sản xuất và hạn sử dụng: Xem trên bao bì,HĐĐG,Đang áp dụng,DA_DUYET,nhập từ Master_DateCode.xlsx,2026-08-31,2027-08-31,
03NM00712,NC NN Đệ Nhị XK China (XingBao) 15chai x 900ml,,chai; thùng,MIP,CN,24,24,24,TCTP,NSX + N tháng,LUI_CUOI_THANG,PROD,MFG,YYYY/MM/DD,,EXPIRY,EXP,YYYY/MM/DD,,,,,hh:mm #*S,,,,,"NSX xem trên bao bì (ngày/ tháng/ năm)
HSD 24 Tháng",HĐĐG,Đang áp dụng,DA_DUYET,nhập từ Master_DateCode.xlsx,2026-08-31,2027-08-31,
03NM00728,NMCS CCBD XK Nhật 6chai x 500ml,,gói; thùng,MIP,JP,18,18,18,TCTP,NSX + N tháng,LUI_CUOI_THANG,EXPIRY,EXP,YYMMDD,,,,,hh:mm #*S,,,,,,,,,[bao bì không in NSX — mốc gốc lấy từ lệnh sản xuất] 1 dòng duy nhất | Z = A – sản xuất tại MSI · Best before date: Described on the cap,HĐĐG,Đang áp dụng,DA_DUYET,nhập từ Master_DateCode.xlsx,2026-08-31,2027-08-31,
03NM00744,NM NN XK Korea (O Ye) 15chai x 900ml,,gói; thùng,MIP,KR,18,18,18,TCTP,NSX + N tháng,LUI_CUOI_THANG,EXPIRY,EXP,DD MM YYYY,,,,,hh:mm #*S,,,,,,,,,[bao bì không in NSX — mốc gốc lấy từ lệnh sản xuất] hh:mm + line hh:mm + line đóng gói và chữ A · Expiration date: Until the date marked separately on the product (how to r,HĐĐG,Đang áp dụng,DA_DUYET,nhập từ Master_DateCode.xlsx,2026-08-31,2027-08-31,
03NM00745,NM NN XK Korea (O Ye) 4can x 4.8lít,,gói; thùng,MIP,KR,18,18,18,TCTP,NSX + N tháng,LUI_CUOI_THANG,EXPIRY,EXP,DD MM YYYY,,,,,hh:mm #*S,,,,,,,,,"[bao bì không in NSX — mốc gốc lấy từ lệnh sản xuất] Ngày/ tháng / năm hết hạn · Thực tế date ko /.
HDĐG sai item nhãn, RD chưa update lại",HĐĐG,Đang áp dụng,DA_DUYET,nhập từ Master_DateCode.xlsx,2026-08-31,2027-08-31,
03NM00751,CCBD XK Mỹ 12chai x 720ml,,gói; thùng,MIP,US,36,36,36,TCTP,NSX + N tháng,LUI_CUOI_THANG,EXPIRY,BBF,MMM DD YY,,,,,hh:mm #*S,,,,,,,,,[bao bì không in NSX — mốc gốc lấy từ lệnh sản xuất] Best if used by: See on package,HĐĐG,Đang áp dụng,DA_DUYET,nhập từ Master_DateCode.xlsx,2026-08-31,2027-08-31,
03NM00754,CCBD XK Canada (WTD) 12chai x 720ml (His TP<=200),,gói; thùng,MIP,CA,36,36,36,TCTP,NSX + N tháng,LUI_CUOI_THANG,EXPIRY,BBF,YYYY MM DD,,LOT,LOT,DDMMYY,,,,,hh:mm #*S,,,,,[bao bì không in NSX — mốc gốc lấy từ lệnh sản xuất] WD: là ký hiệu khách hàng Wealth Dragon · Best before & Lot code: See on cap,HĐĐG,Đang áp dụng,DA_DUYET,nhập từ Master_DateCode.xlsx,2026-08-31,2027-08-31,
03NM00763,NM NN XK Korea (Hyosung) 4bl x 6chai x 300ml,,gói; thùng,MIP,KR,18,18,18,TCTP,NSX + N tháng,LUI_CUOI_THANG,EXPIRY,EXP,DD MM YYYY,,,,,hh:mm #*S,,,,,,,,,[bao bì không in NSX — mốc gốc lấy từ lệnh sản xuất] hh:mm + line đóng gói và chữ A · Expiration date: Until the date marked separately on the product (how to read: in order,HĐĐG,Đang áp dụng,DA_DUYET,nhập từ Master_DateCode.xlsx,2026-08-31,2027-08-31,
03NM00764,NM NN XK Korea (Hyosung) 2bl x 6chai x 650ml,,gói; thùng,MIP,KR,18,18,18,TCTP,NSX + N tháng,LUI_CUOI_THANG,EXPIRY,EXP,DD MM YYYY,,,,,hh:mm #*S,,,,,,,,,[bao bì không in NSX — mốc gốc lấy từ lệnh sản xuất] hh:mm + line đóng gói và chữ A · Expiration date: Until the date marked separately on the product (how to read: in order,HĐĐG,Đang áp dụng,DA_DUYET,nhập từ Master_DateCode.xlsx,2026-08-31,2027-08-31,
03NM00765,NM CHIN-SU XK Mỹ 6can x 2L,,gói; thùng,MIP,US,24,24,24,TCTP,NSX + N tháng,LUI_CUOI_THANG,EXPIRY,BBF,MMDDYYYY,,,,,hh:mm #*S,,,,,,,,,[bao bì không in NSX — mốc gốc lấy từ lệnh sản xuất] Sử dụng trước MM/DD/YY +Lotno · Thực tế date ko /,HĐĐG,Đang áp dụng,DA_DUYET,nhập từ Master_DateCode.xlsx,2026-08-31,2027-08-31,
03NM00771,NM CS CC Đậm Đặc XK Korea 1 - 6can x 2L,,gói; thùng,MIP,KR,24,,24,TCTP,NSX + N tháng,LUI_CUOI_THANG,EXPIRY,EXP,DD MM YYYY,,,,,hh:mm #*S,,,,,,,,,[bao bì không in NSX — mốc gốc lấy từ lệnh sản xuất] Ngày/ tháng / năm · Thực tế date ko /,HĐĐG,Đang áp dụng,DA_DUYET,nhập từ Master_DateCode.xlsx,2026-08-31,2027-08-31,
03NM00775,CSCH XK Australia (Golden Star) 15chai x 500ml,,gói; thùng,MIP,AU,18,18,18,TCTP,NSX + N tháng,LUI_CUOI_THANG,EXPIRY,BBF,DD.MM.YYYY,,,,,hh:mm #*S,,,,,,,,,[bao bì không in NSX — mốc gốc lấy từ lệnh sản xuất] hh:mm + line đóng gói và chữ A · Best Before (dd mm yyyy) & Lot No: see on package,HĐĐG,Đang áp dụng,DA_DUYET,nhập từ Master_DateCode.xlsx,2026-08-31,2027-08-31,
03NM00780,NMCS tỏi ớt pha sẵn XK Mỹ 12chai x 500ml,,gói; thùng,MIP,US,18,18,18,TCTP,NSX + N tháng,LUI_CUOI_THANG,EXPIRY,BBF,MM/DD/YYYY,,,,,hh:mm #*S,,,,,,,,,[bao bì không in NSX — mốc gốc lấy từ lệnh sản xuất] MM/DD/YYYY + LotNo,HĐĐG,Đang áp dụng,DA_DUYET,nhập từ Master_DateCode.xlsx,2026-08-31,2027-08-31,
03NM00787,Nước mắm Nam Ngư (QR) 3bl x 8 chai x 500ml,NN 500; NN500 QR; NN500,chai; thùng,MBP; MGP,VN,12,12,12,TCTP,NSX + N tháng,LUI_CUOI_THANG,PROD,NSX,DDMMYY,,EXPIRY,HSD,DDMMYY,,,,,hh:mm #*S,,,,,,HDĐG,Đang áp dụng,DA_DUYET,nhập từ Master_DateCode.xlsx,2026-08-31,2027-08-31,
03NM00788,Nước mắm Nam Ngư (QR) 3bl x 6 chai x 750ml,NN750; NN 750; NN 750 QR,chai; thùng,MBP; MGP,VN,12,12,12,TCTP,NSX + N tháng,LUI_CUOI_THANG,PROD,NSX,DDMMYY,,EXPIRY,HSD,DDMMYY,,,,,hh:mm #*S,,,,,,HDĐG,Đang áp dụng,DA_DUYET,nhập từ Master_DateCode.xlsx,2026-08-31,2027-08-31,
03NM00789,Nước chấm Nam Ngư Đệ Nhị (QR) 18 chai x 800ml,DN800; DN 800 QR; DN,chai; thùng,MBP; MGP; MIP,VN,12,12,12,TCTP,NSX + N tháng,LUI_CUOI_THANG,PROD,NSX,DDMMYY,,EXPIRY,HSD,DDMMYY,,,,,hh:mm #*S,,,,,,HDĐG,Đang áp dụng,DA_DUYET,nhập từ Master_DateCode.xlsx,2026-08-31,2027-08-31,
03NM00795,NM NN XK Nhật 12 chai x 1.2L,,gói; thùng,MIP,JP,12,12,12,TCTP,NSX + N tháng,LUI_CUOI_THANG,EXPIRY,BBD,YYYYMMDD,,,,,hh:mm #*S,,,,,,,,,[bao bì không in NSX — mốc gốc lấy từ lệnh sản xuất] hh:mm + line đóng gói và chữ A | (năm hết hạn/tháng/ngày) · Best before: See on bottle shoulder (đã dịch từ tiếng Nhật),HĐĐG,Đang áp dụng,DA_DUYET,nhập từ Master_DateCode.xlsx,2026-08-31,2027-08-31,
03NM00803,NMCS chua ngọt XK Mỹ 4bịch x 50gói x 30ml,,gói; thùng,MIP,US,9,9,9,TCTP,NSX + N tháng,LUI_CUOI_THANG,EXPIRY,BBF,MMDDYYYY,,,,,hh:mm #*S,,,,,,,,,"[bao bì không in NSX — mốc gốc lấy từ lệnh sản xuất] MM/DD/YYYY + LotNo · TCTP đang trình ký lại, đã báo LocCH check thêm HSD gói 30ml",HĐĐG,Đang áp dụng,DA_DUYET,nhập từ Master_DateCode.xlsx,2026-08-31,2027-08-31,
03NM00805,NM NN XK China 12 chai x 1.2L,,chai; thùng,MIP,CN,24,24,24,TCTP,NSX + N tháng,LUI_CUOI_THANG,PROD,MFG,YYYY/MM/DD,,EXPIRY,EXP,YYYY/MM/DD,,,,,hh:mm #*S,,,,,hh:mm + line đóng gói và chữ I · NSX và HSD xem trên bao bì,HĐĐG,Đang áp dụng,DA_DUYET,nhập từ Master_DateCode.xlsx,2026-08-31,2027-08-31,
03NM00813,"NM CHIN-SU CCBD XK Mỹ 40chai x 50ml (Giống 720ml Mỹ, His<=400)",,gói; thùng,MIP,US,36,36,36,TCTP,NSX + N tháng,LUI_CUOI_THANG,EXPIRY,BBF,MM/DD/YYYY,,,,,hh:mm #*S,,,,,,,,,[bao bì không in NSX — mốc gốc lấy từ lệnh sản xuất],HĐĐG,Đang áp dụng,DA_DUYET,nhập từ Master_DateCode.xlsx,2026-08-31,2027-08-31,
03NM00825,NMCS chua ngọt XK Mỹ 48chai x 100ml,,gói; thùng,MIP,US,15,15,15,TCTP,NSX + N tháng,LUI_CUOI_THANG,EXPIRY,BBF,MMDDYYYY,,,,,hh:mm #*S,,,,,,,,,[bao bì không in NSX — mốc gốc lấy từ lệnh sản xuất] MM/DD/YYYY + LotNo · Thực tế date ko /,HĐĐG,Đang áp dụng,DA_DUYET,nhập từ Master_DateCode.xlsx,2026-08-31,2027-08-31,
03NM00828,CSCH XK New Zealand (Gai Lee) 15chai x 500ml,,gói; thùng,MIP,NZ,18,18,18,TCTP,NSX + N tháng,LUI_CUOI_THANG,EXPIRY,BBF,DD.MM.YYYY,,,,,hh:mm #*S,,,,,,,,,[bao bì không in NSX — mốc gốc lấy từ lệnh sản xuất] hh:mm + line đóng gói và chữ A · Best Before (dd mm yyyy) & Lot No: see on package,HĐĐG,Đang áp dụng,DA_DUYET,nhập từ Master_DateCode.xlsx,2026-08-31,2027-08-31,
03NM00857,NMCS Hiệu Tôm Hùm 12x696ml XK Mỹ,,gói; thùng,MIP,US,36,36,36,TCTP,NSX + N tháng,LUI_CUOI_THANG,EXPIRY,BBF,MM/DD/YYYY,,,,,hh:mm #*S,,,,,,,,,"[bao bì không in NSX — mốc gốc lấy từ lệnh sản xuất] LaabbA | Lot No: L là lot number, aa là số tự ló xuất đi, bb là năm sản xuất, A là đóng gói ở MSI · Best if used by
(MM/",HĐĐG,Đang áp dụng,DA_DUYET,nhập từ Master_DateCode.xlsx,2026-08-31,2027-08-31,
03NM00888,NM NN XK Malaysia (Sangla) 18chai x 750ml,,gói; thùng,MIP,MY,18,18,18,TCTP,NSX + N tháng,LUI_CUOI_THANG,EXPIRY,EXP,DD/MM/YYYY,,,,,hh:mm #*S,,,,,,,,,[bao bì không in NSX — mốc gốc lấy từ lệnh sản xuất] hh:mm + line đóng gói và chữ A · EXP DATE (DD/MM/YYYY) & Lot Number: See on package,HĐĐG,Đang áp dụng,DA_DUYET,nhập từ Master_DateCode.xlsx,2026-08-31,2027-08-31,
03NM00889,NM NN XK Korea (OTL) 3bl x 8chai x 500ml,,gói; thùng,MIP,KR,18,18,18,TCTP,NSX + N tháng,LUI_CUOI_THANG,EXPIRY,EXP,DD MM YYYY,,,,,hh:mm #*S,,,,,,,,,[bao bì không in NSX — mốc gốc lấy từ lệnh sản xuất] hh:mm + line hh:mm + line đóng gói và chữ A · Expiration date: Until the date marked separately on the product (how to r,HĐĐG,Đang áp dụng,DA_DUYET,nhập từ Master_DateCode.xlsx,2026-08-31,2027-08-31,
03NM00893,NM NN XK Australia 2 (DHN) 4can x 4.8L,,gói; thùng,MIP,AU,15,15,15,TCTP,NSX + N tháng,LUI_CUOI_THANG,EXPIRY,BBD,DD MM YYYY,,,,,hh:mm #*S,,,,,,,,,[bao bì không in NSX — mốc gốc lấy từ lệnh sản xuất] HSD tốt nhất trước ngày/ tháng/ năm Xem trên nắp · Thực tế date ko /,HĐĐG,Đang áp dụng,DA_DUYET,nhập từ Master_DateCode.xlsx,2026-08-31,2027-08-31,
03NM00896,NMCS chua ngọt XK Korea (OTL) 12chai x 300ml,,gói; thùng,MIP,KR,12,12,12,TCTP,NSX + N tháng,LUI_CUOI_THANG,EXPIRY,EXP,DD MM YYYY,,,,,hh:mm #*S,,,,,,,,,[bao bì không in NSX — mốc gốc lấy từ lệnh sản xuất] Ngày/ tháng / năm hết hạn · Thực tế date ko /,HĐĐG,Đang áp dụng,DA_DUYET,nhập từ Master_DateCode.xlsx,2026-08-31,2027-08-31,
03NM00901,CSCH XK Canada 15chai x 500ml,,gói; thùng,MIP,CA,36,36,36,TCTP,NSX + N tháng,LUI_CUOI_THANG,EXPIRY,BBF,YYYY MM DD,,LOT,LOT,DDMMYY,,,,,hh:mm #*S,,,,,"[bao bì không in NSX — mốc gốc lấy từ lệnh sản xuất] (ngày/tháng/năm hết hạn) · Best before and Lot code: See on the lid · TCTP nâng HSD Canada 36 tháng đang trình ký, chưa",HĐĐG,Đang áp dụng,DA_DUYET,nhập từ Master_DateCode.xlsx,2026-08-31,2027-08-31,
03NM00902,CCBD XK Canada 12chai x 720ml (His TP<=200),,gói; thùng,MIP,CA,36,36,36,TCTP,NSX + N tháng,LUI_CUOI_THANG,EXPIRY,BBF,YYYY MM DD,,LOT,LOT,DDMMYY,,,,,hh:mm #*S,,,,,[bao bì không in NSX — mốc gốc lấy từ lệnh sản xuất] Best before & Lot code: See on cap,HĐĐG,Đang áp dụng,DA_DUYET,nhập từ Master_DateCode.xlsx,2026-08-31,2027-08-31,
03NM00904,NMCS Hiệu Tôm Hùm 12x696ml XK Canada,,gói; thùng,MIP,CA,36,36,36,TCTP,NSX + N tháng,LUI_CUOI_THANG,EXPIRY,BBF,YYYY MM DD,,LOT,LOT,DDMMYYYY,,,,,hh:mm #*S,,,,,"[bao bì không in NSX — mốc gốc lấy từ lệnh sản xuất] Ví dụ: BBF 2028 DE 18 | 08:00 6A Lot 18122025 · Best before and Lot code: See on the lid · TCTP đang trình ký, chưa ban",HĐĐG,Đang áp dụng,DA_DUYET,nhập từ Master_DateCode.xlsx,2026-08-31,2027-08-31,
03NM00907,NM NN XK Taiwan (Fullerton) 4can x 4.8L,,gói; thùng,MIP,TW,12,12,12,TCTP,NSX + N tháng,LUI_CUOI_THANG,EXPIRY,EXP,DD MM YYYY,,,,,hh:mm #*S,,,,,,,,,[bao bì không in NSX — mốc gốc lấy từ lệnh sản xuất] Xem trên nắp ngày/ tháng/ năm · Thực tế date ko /,HĐĐG,Đang áp dụng,DA_DUYET,nhập từ Master_DateCode.xlsx,2026-08-31,2027-08-31,
03NM00911,NMCS chua ngọt XK Korea (OTL) 24chai x 100ml,,gói; thùng,MIP,KR,12,12,12,TCTP,NSX + N tháng,LUI_CUOI_THANG,EXPIRY,EXP,DD MM YYYY,,,,,hh:mm #*S,,,,,,,,,[bao bì không in NSX — mốc gốc lấy từ lệnh sản xuất] Ngày/ tháng / năm hết hạn · Thực tế date ko /,HĐĐG,Đang áp dụng,DA_DUYET,nhập từ Master_DateCode.xlsx,2026-08-31,2027-08-31,
03NM00916,NC NN Đồng Tiền VÀng XK CPC (HSL) 18chai x 800ml,,gói; thùng,MIP,KH,12,12,12,TCTP,NSX + N tháng,LUI_CUOI_THANG,PROD,MFG,DDMMYY,,EXPIRY,EXP,DDMMYY,,,,,hh:mm #*S,,,,,"Packaging date, Expiry date & Lot Number: See on package
(day/month/year)",HĐĐG,Đang áp dụng,DA_DUYET,nhập từ Master_DateCode.xlsx,2026-08-31,2027-08-31,
03NM00917,NM NN XK Đầu bếp đặc biệt CPC (HSL) 3bl x 8chai x 500ml,,gói; thùng,MIP,KH,12,12,12,TCTP,NSX + N tháng,LUI_CUOI_THANG,PROD,MFG,DDMMYY,,EXPIRY,EXP,DDMMYY,,,,,hh:mm #*S,,,,,"Packaging date, Expiry date & Lot Number: See on package
(day/month/year)",HĐĐG,Đang áp dụng,DA_DUYET,nhập từ Master_DateCode.xlsx,2026-08-31,2027-08-31,
03NM00918,NM NN XK Đầu bếp đặc biệt CPC (HSL) 3Bl x 6 chai x 750ml,,gói; thùng,MIP,KH,12,12,12,TCTP,NSX + N tháng,LUI_CUOI_THANG,PROD,MFG,DDMMYY,,EXPIRY,EXP,DDMMYY,,,,,hh:mm #*S,,,,,"Packaging date, Expiry date & Lot Number: See on package
(day/month/year)",HĐĐG,Đang áp dụng,DA_DUYET,nhập từ Master_DateCode.xlsx,2026-08-31,2027-08-31,
03NM00936,Nước chấm Nam Ngư Siêu tiết kiệm (QR) 18 chai x 800ml,STK; STK QR; STK 800,chai; thùng,MBP; MGP; MIP,VN,12,12,12,TCTP,NSX + N tháng,LUI_CUOI_THANG,PROD,NSX,DDMMYY,,EXPIRY,HSD,DDMMYY,,,,,hh:mm #*S,,,,,,HDĐG,Đang áp dụng,DA_DUYET,nhập từ Master_DateCode.xlsx,2026-08-31,2027-08-31,
03NM00976,Nước mắm Nam Ngư XK China (XIngBao) 3bl x 6 chai x 750ml,NN 750 XKTQ; NN750 XKTQ,chai; thùng,MBP; MIP,CN,24,24,24,TCTP,NSX + N tháng,LUI_CUOI_THANG,PROD,MFG,YYYY/MM/DD,,EXPIRY,EXP,YYYY/MM/DD,,,,,hh:mm #*S,,,,,,HDĐG,Đang áp dụng,DA_DUYET,nhập từ Master_DateCode.xlsx,2026-08-31,2027-08-31,
03NM00977,Nước mắm Nam Ngư XK China (XIngBao) 3bl x 8 chai x 500ml,NN 500 XKTQ; NN500 XKTQ,chai; thùng,MBP; MIP,CN,24,24,24,TCTP,NSX + N tháng,LUI_CUOI_THANG,PROD,MFG,YYYY/MM/DD,,EXPIRY,EXP,YYYY/MM/DD,,,,,hh:mm #*S,,,,,,HDĐG,Đang áp dụng,DA_DUYET,nhập từ Master_DateCode.xlsx,2026-08-31,2027-08-31,
03NM299,CSCH XK Macau (XYX) 15chai x 500ml,,gói; thùng,MIP,MO,18,18,18,TCTP,NSX + N tháng,LUI_CUOI_THANG,EXPIRY,BBF,DD/MM/YYYY,,,,,hh:mm #*S,,,,,,,,,[bao bì không in NSX — mốc gốc lấy từ lệnh sản xuất] ko tìm thấy bản trải,HĐĐG,Đang áp dụng,DA_DUYET,nhập từ Master_DateCode.xlsx,2026-08-31,2027-08-31,
03NT00390,NTCS XK Nga - KBG 24chai x 270gr,,gói; thùng,MIP,RU,18,18,18,TCTP,NSX + N tháng,LUI_CUOI_THANG,PROD,MFG,DDMMYYYY,,EXPIRY,EXP,DDMMYYYY,,,,,hh:mm #*S,,,,,NSX và HSD xem trên bao bì,HĐĐG,Đang áp dụng,DA_DUYET,nhập từ Master_DateCode.xlsx,2026-08-31,2027-08-31,
03NT00391,NTCS Nấm XK Nga - KBG 24chai x 275gr,,gói; thùng,MIP,RU,18,18,18,TCTP,NSX + N tháng,LUI_CUOI_THANG,PROD,MFG,DDMMYYYY,,EXPIRY,EXP,DDMMYYYY,,,,,hh:mm #*S,,,,,NSX và HSD xem trên bao bì,HĐĐG,Đang áp dụng,DA_DUYET,nhập từ Master_DateCode.xlsx,2026-08-31,2027-08-31,
03NT00392,NTCS Tỏi ớt XK Nga - KBG 24chai x 275gr,,gói; thùng,MIP,RU,18,18,18,TCTP,NSX + N tháng,LUI_CUOI_THANG,PROD,MFG,DDMMYYYY,,EXPIRY,EXP,DDMMYYYY,,,,,hh:mm #*S,,,,,NSX và HSD xem trên bao bì,HĐĐG,Đang áp dụng,DA_DUYET,nhập từ Master_DateCode.xlsx,2026-08-31,2027-08-31,
03NT00397,NTCS XK Hungary (Chimpex) 12chai x 250ml,,gói; thùng,MIP,HU,18,18,18,TCTP,NSX + N tháng,LUI_CUOI_THANG,EXPIRY,BBF,DDMMYYYY,,,,,hh:mm #*S,,,,,,,,,[bao bì không in NSX — mốc gốc lấy từ lệnh sản xuất] HSD tốt nhất trước: (ngày.tháng.năm) Xem trên cổ chai · Thực tế không có dấu chấm (.),HĐĐG,Đang áp dụng,DA_DUYET,nhập từ Master_DateCode.xlsx,2026-08-31,2027-08-31,
03NT00398,NTCS Tỏi ớt XK Hungary (Chimpex) 12chai x 250ml,,gói; thùng,MIP,HU,18,18,18,TCTP,NSX + N tháng,LUI_CUOI_THANG,EXPIRY,BBF,DDMMYYYY,,,,,hh:mm #*S,,,,,,,,,[bao bì không in NSX — mốc gốc lấy từ lệnh sản xuất] HSD tốt nhất trước: (ngày.tháng.năm) Xem trên cổ chai · Thực tế không có dấu chấm (.),HĐĐG,Đang áp dụng,DA_DUYET,nhập từ Master_DateCode.xlsx,2026-08-31,2027-08-31,
03NT00401,NTCS XK Czech 12chai x 250ml,,gói; thùng,MIP,CZ,18,18,18,TCTP,NSX + N tháng,LUI_CUOI_THANG,EXPIRY,BBF,DDMMYYYY,,,,,hh:mm #*S,,,,,,,,,[bao bì không in NSX — mốc gốc lấy từ lệnh sản xuất] HSD tốt nhất trước ghi trên cổ chai : (ngày tháng năm),HĐĐG,Đang áp dụng,DA_DUYET,nhập từ Master_DateCode.xlsx,2026-08-31,2027-08-31,
03NT00402,NTCS Tỏi ớt XK Czech 12chai x 250ml,,gói; thùng,MIP,CZ,18,18,18,TCTP,NSX + N tháng,LUI_CUOI_THANG,EXPIRY,BBF,DDMMYYYY,,,,,hh:mm #*S,,,,,,,,,[bao bì không in NSX — mốc gốc lấy từ lệnh sản xuất] HSD tốt nhất trước ghi trên cổ chai : (ngày tháng năm) · Thực tế date không cách,HĐĐG,Đang áp dụng,DA_DUYET,nhập từ Master_DateCode.xlsx,2026-08-31,2027-08-31,
03NT00403,NT TTT nhất ca XK Korea (Oye) 24chai x 500ml (Chai mới),,gói; thùng,MIP,KR,18,18,18,TCTP,NSX + N tháng,LUI_CUOI_THANG,EXPIRY,EXP,DD MM YYYY,,,,,hh:mm #*S,,,,,,,,,[bao bì không in NSX — mốc gốc lấy từ lệnh sản xuất] EXP: ngày/tháng/năm · Thực tế date ko /,HĐĐG,Đang áp dụng,DA_DUYET,nhập từ Master_DateCode.xlsx,2026-08-31,2027-08-31,
03NT00423,NTCS XK Czech (Dalat) 12chai x 500ml,,gói; thùng,MIP,CZ,18,18,18,TCTP,NSX + N tháng,LUI_CUOI_THANG,EXPIRY,BBF,DDMMYYYY,,,,,hh:mm #*S,,,,,,,,,[bao bì không in NSX — mốc gốc lấy từ lệnh sản xuất] Best before date: Xem trên cổ chai (ddmmyyyy),HĐĐG,Đang áp dụng,DA_DUYET,nhập từ Master_DateCode.xlsx,2026-08-31,2027-08-31,
03NT00424,NTCS Tỏi ớt XK Czech (Dalat) 12chai x 500ml,,gói; thùng,MIP,CZ,18,18,18,TCTP,NSX + N tháng,LUI_CUOI_THANG,EXPIRY,BBF,DDMMYYYY,,,,,hh:mm #*S,,,,,,,,,[bao bì không in NSX — mốc gốc lấy từ lệnh sản xuất] Best before date: Xem trên cổ chai (ddmmyyyy),HĐĐG,Đang áp dụng,DA_DUYET,nhập từ Master_DateCode.xlsx,2026-08-31,2027-08-31,
03NT00437,NC TTT Nhị ca XK CPC (DMF) 4bl x 6chai x 500ml,,gói; thùng,MIP,KH,12,12,12,TCTP,NSX + N tháng,LUI_CUOI_THANG,PROD,MFG,DDMMYY,,EXPIRY,EXP,DDMMYY,,,,,hh:mm #*S,,,,,NSX và HSD xem trên bao bì,HĐĐG,Đang áp dụng,DA_DUYET,nhập từ Master_DateCode.xlsx,2026-08-31,2027-08-31,
03NT00438,NTCS XK Taiwan 2 (N.I.M) 24chai x 250ml,,gói; thùng,MIP,TW,18,18,18,TCTP,NSX + N tháng,LUI_CUOI_THANG,EXPIRY,EXP,DD/MM/YYYY,,,,,hh:mm #*S,,,,,,,,,[bao bì không in NSX — mốc gốc lấy từ lệnh sản xuất] EXP: ngày/tháng/năm,HĐĐG,Đang áp dụng,DA_DUYET,nhập từ Master_DateCode.xlsx,2026-08-31,2027-08-31,
03NT00439,NTCS Tỏi ớt XK Taiwan 2 (N.I.M) 24chai x 250ml,,gói; thùng,MIP,TW,18,18,18,TCTP,NSX + N tháng,LUI_CUOI_THANG,EXPIRY,EXP,DD/MM/YYYY,,,,,hh:mm #*S,,,,,,,,,[bao bì không in NSX — mốc gốc lấy từ lệnh sản xuất] Ngày/ tháng / năm hết hạn,HĐĐG,Đang áp dụng,DA_DUYET,nhập từ Master_DateCode.xlsx,2026-08-31,2027-08-31,
03NT00440,NT TTT Nhất ca XK Taiwan 2 (N.I.M) 24chai x 500ml (Chai mới),,gói; thùng,MIP,TW,18,18,18,TCTP,NSX + N tháng,LUI_CUOI_THANG,EXPIRY,EXP,DDMMYYYY,,,,,hh:mm #*S,,,,,,,,,[bao bì không in NSX — mốc gốc lấy từ lệnh sản xuất] EXP: ngày/tháng/năm · Thực tế date ko /,HĐĐG,Đang áp dụng,DA_DUYET,nhập từ Master_DateCode.xlsx,2026-08-31,2027-08-31,
03NT00459,NTCS XK Mỹ 24chai x 250ml,,gói; thùng,MIP,US,24,24,24,TCTP,NSX + N tháng,LUI_CUOI_THANG,EXPIRY,BBF,MMM DD YY,,,,,hh:mm #*S,,,,,,,,,[bao bì không in NSX — mốc gốc lấy từ lệnh sản xuất] Best before date: Xem trên bao bì,HĐĐG,Đang áp dụng,DA_DUYET,nhập từ Master_DateCode.xlsx,2026-08-31,2027-08-31,
03NT00460,NTCS Tỏi ớt XK Mỹ 24chai x 250ml,,gói; thùng,MIP,US,24,24,24,TCTP,NSX + N tháng,LUI_CUOI_THANG,EXPIRY,BBF,MMM DD YY,,,,,hh:mm #*S,,,,,,,,,[bao bì không in NSX — mốc gốc lấy từ lệnh sản xuất] Best before date: Xem trên bao bì,HĐĐG,Đang áp dụng,DA_DUYET,nhập từ Master_DateCode.xlsx,2026-08-31,2027-08-31,
03NT00462,NT TTT nhất ca XK Mỹ 2bl x 6chai x 650ml (Chai mới),,gói; thùng,MIP,US,24,24,24,TCTP,NSX + N tháng,LUI_CUOI_THANG,EXPIRY,BBF,MM DD YY,,LOT,LOT,DDMMYY,,,,,hh:mm #*S,,,,,[bao bì không in NSX — mốc gốc lấy từ lệnh sản xuất] HSD tốt nhất trươc (tháng/ngày/năm): ghi trên chai,HĐĐG,Đang áp dụng,DA_DUYET,nhập từ Master_DateCode.xlsx,2026-08-31,2027-08-31,
03NT00465,NT TTT nhất ca XK Australia (DHN) 12chai x 650ml (Chai mới),,gói; thùng,MIP,AU,12,12,12,TCTP,NSX + N tháng,LUI_CUOI_THANG,EXPIRY,BBF,DDMMYYYY,,,,,hh:mm #*S,,,,,,,,,[bao bì không in NSX — mốc gốc lấy từ lệnh sản xuất] HSD tốt nhất trươc: ghi trên chai,HĐĐG,Đang áp dụng,DA_DUYET,nhập từ Master_DateCode.xlsx,2026-08-31,2027-08-31,
03NT00468,NT TTT Nhất ca XK CPC (DMF) 4bl x 6chai x 500ml,,gói; thùng,MIP,KH,12,12,12,TCTP,NSX + N tháng,LUI_CUOI_THANG,PROD,MFG,DDMMYY,,EXPIRY,EXP,DDMMYY,,,,,hh:mm #*S,,,,,NSX và HSD xem trên bao bì (ngày tháng năm),HĐĐG,Đang áp dụng,DA_DUYET,nhập từ Master_DateCode.xlsx,2026-08-31,2027-08-31,
03NT00474,NTCS XK Poland (Asia-Foods) 24chai x 250ml,,gói; thùng,MIP,PL,18,18,18,TCTP,NSX + N tháng,LUI_CUOI_THANG,EXPIRY,BBF,DD MM YYYY,,,,,hh:mm #*S,,,,,,,,,[bao bì không in NSX — mốc gốc lấy từ lệnh sản xuất] HSD tốt nhất trước: (ngày/tháng/năm) · Thực tế date ko /,HĐĐG,Đang áp dụng,DA_DUYET,nhập từ Master_DateCode.xlsx,2026-08-31,2027-08-31,
03NT00475,NTCS Tỏi ớt XK Poland (Asia-Foods) 24chai x 250ml,,gói; thùng,MIP,PL,18,18,18,TCTP,NSX + N tháng,LUI_CUOI_THANG,EXPIRY,BBF,DD MM YYYY,,,,,hh:mm #*S,,,,,,,,,[bao bì không in NSX — mốc gốc lấy từ lệnh sản xuất] HSD tốt nhất trước (Ngày/Tháng/Năm),HĐĐG,Đang áp dụng,DA_DUYET,nhập từ Master_DateCode.xlsx,2026-08-31,2027-08-31,
03NT00476,NTCS XK CPC (DMF) 4bl x 6chai x 250ml,,gói; thùng,MIP,KH,12,12,12,TCTP,NSX + N tháng,LUI_CUOI_THANG,PROD,MFG,DDMMYY,,EXPIRY,EXP,DDMMYY,,,,,hh:mm #*S,,,,,NSX và HSD xem trên bao bì (ngày tháng năm),HĐĐG,Đang áp dụng,DA_DUYET,nhập từ Master_DateCode.xlsx,2026-08-31,2027-08-31,
03NT00477,NTCS Tỏi ớt XK CPC (DMF) 4bl x 6chai x 250ml,,gói; thùng,MIP,KH,12,12,12,TCTP,NSX + N tháng,LUI_CUOI_THANG,PROD,MFG,DDMMYY,,EXPIRY,EXP,DDMMYY,,,,,hh:mm #*S,,,,,NSX và HSD xem trên bao bì (ngày tháng năm),HĐĐG,Đang áp dụng,DA_DUYET,nhập từ Master_DateCode.xlsx,2026-08-31,2027-08-31,
03NT00483,NT TTT nhất ca XK Australia (Lotus) 12chai x 650ml (Chai mới),,gói; thùng,MIP,AU,,12,12,HDDG,NSX + N tháng,LUI_CUOI_THANG,EXPIRY,BBF,DDMMYYYY,,LOT,LOT,DDMMYY,,,,,hh:mm #*S,,,,,[bao bì không in NSX — mốc gốc lấy từ lệnh sản xuất] HSD tốt nhất trươc: ghi trên chai,HĐĐG,Đang áp dụng,DA_DUYET,nhập từ Master_DateCode.xlsx,2026-08-31,2027-08-31,
03NT00505,NT TTT Nhất Ca XK Taiwan 1 (Asean VIP) 12chai x 650ml (Chai mới),,gói; thùng,MIP,TW,18,18,18,TCTP,NSX + N tháng,LUI_CUOI_THANG,PROD,MFG,DD/MM/YYYY,,EXPIRY,EXP,DD/MM/YYYY,,,,,hh:mm #*S,,,,,NSX và HSD xem trên bao bì (ngày tháng năm),HĐĐG,Đang áp dụng,DA_DUYET,nhập từ Master_DateCode.xlsx,2026-08-31,2027-08-31,
03NT00514,NTCS Tỏi ớt XK Korea (Datafood) 24chai x 250ml,,gói; thùng,MIP,KR,18,18,18,TCTP,NSX + N tháng,LUI_CUOI_THANG,EXPIRY,EXP,DDMMYYYY,,,,,hh:mm #*S,,,,,,,,,[bao bì không in NSX — mốc gốc lấy từ lệnh sản xuất] EXP Ngày/Tháng/Năm · Thực tế date ko /,HĐĐG,Đang áp dụng,DA_DUYET,nhập từ Master_DateCode.xlsx,2026-08-31,2027-08-31,
03NT00526,NTCS Tỏi Ớt XK Korea (Hyosung) 24chai x 330ml,,gói; thùng,MIP,KR,18,18,18,TCTP,NSX + N tháng,LUI_CUOI_THANG,EXPIRY,EXP,DDMMYYYY,,,,,hh:mm #*S,,,,,,,,,[bao bì không in NSX — mốc gốc lấy từ lệnh sản xuất] EXP Ngày/Tháng/Năm · Thực tế date ko /,HĐĐG,Đang áp dụng,DA_DUYET,nhập từ Master_DateCode.xlsx,2026-08-31,2027-08-31,
03NT00572,NTCS Nấm Shiitake XK Korea (Hyosung) 24chai x 330ml,,gói; thùng,MIP,KR,18,18,18,TCTP,NSX + N tháng,LUI_CUOI_THANG,EXPIRY,EXP,DDMMYYYY,,,,,hh:mm #*S,,,,,,,,,[bao bì không in NSX — mốc gốc lấy từ lệnh sản xuất] EXP: ngày/tháng/năm,HĐĐG,Đang áp dụng,DA_DUYET,nhập từ Master_DateCode.xlsx,2026-08-31,2027-08-31,
03NT00576,NTCS Nấm Shiitake XK Mỹ 12chai x 500ml,,gói; thùng,MIP,US,24,24,24,TCTP,NSX + N tháng,LUI_CUOI_THANG,PROD,MFG,MMM DD YY,,EXPIRY,BBF,MMM DD YY,,,,,hh:mm #*S,,,,,"mm/dd/yy + LotNo · Thực tế date ko /, date tháng bằng chữ",HĐĐG,Đang áp dụng,DA_DUYET,nhập từ Master_DateCode.xlsx,2026-08-31,2027-08-31,
03NT00577,NT TTT Nhất ca XK Nhật 4bl x 6chai x 500ml (Chai mới),,gói; thùng,MIP,JP,18,18,18,TCTP,NSX + N tháng,LUI_CUOI_THANG,EXPIRY,BBD,YYYYMMDD,,,,,hh:mm #*S,,,,,,,,,[bao bì không in NSX — mốc gốc lấy từ lệnh sản xuất] HSD tốt nhất trươc: ghi trên chai,HĐĐG,Đang áp dụng,DA_DUYET,nhập từ Master_DateCode.xlsx,2026-08-31,2027-08-31,
03NT00587,NC TTT Nhị ca XK China (Xingbao) 4bl x 6chai x 500ml,,chai; thùng,MIP,CN,18,18,18,TCTP,NSX + N tháng,LUI_CUOI_THANG,PROD,MFG,YYYY/MM/DD,,EXPIRY,EXP,YYYY/MM/DD,,,,,hh:mm #*S,,,,,HSD : ghi trên chai,HĐĐG,Đang áp dụng,DA_DUYET,nhập từ Master_DateCode.xlsx,2026-08-31,2027-08-31,
03NT00588,NTCS XK Nga (KBG) CZ 24chai x 250ml,,gói; thùng,MIP,RU,18,18,18,TCTP,NSX + N tháng,LUI_CUOI_THANG,PROD,MFG,DDMMYYYY,,EXPIRY,EXP,DDMMYYYY,,,,,hh:mm #*S,,,,,NSX và HSD xem trên bao bì,HĐĐG,Đang áp dụng,DA_DUYET,nhập từ Master_DateCode.xlsx,2026-08-31,2027-08-31,
03NT00589,NTCS Tỏi ớt XK Nga (KBG) CZ 24chai x 250ml,,gói; thùng,MIP,RU,18,18,18,TCTP,NSX + N tháng,LUI_CUOI_THANG,PROD,MFG,DDMMYYYY,,EXPIRY,EXP,DDMMYYYY,,,,,hh:mm #*S,,,,,NSX và HSD xem trên bao bì,HĐĐG,Đang áp dụng,DA_DUYET,nhập từ Master_DateCode.xlsx,2026-08-31,2027-08-31,
03NT00590,NTCS Nấm XK Nga (KBG) CZ 24chai x 250ml,,gói; thùng,MIP,RU,18,18,18,TCTP,NSX + N tháng,LUI_CUOI_THANG,PROD,MFG,DDMMYYYY,,EXPIRY,EXP,DDMMYYYY,,,,,hh:mm #*S,,,,,NSX và HSD xem trên bao bì,HĐĐG,Đang áp dụng,DA_DUYET,nhập từ Master_DateCode.xlsx,2026-08-31,2027-08-31,
03NT00596,NT TTT nhất ca XK Canada 2bl x 6chai x 650ml (Chai mới),,gói; thùng,MIP,CA,24,24,24,TCTP,NSX + N tháng,LUI_CUOI_THANG,EXPIRY,BBF,YYYY MM DD,,LOT,LOT,DDMMYY,,,,,hh:mm #*S,,,,,"[bao bì không in NSX — mốc gốc lấy từ lệnh sản xuất] HSD tốt nhất trươc: ghi trên chai · TCTP đang trình ký, chưa ban hành",HĐĐG,Đang áp dụng,DA_DUYET,nhập từ Master_DateCode.xlsx,2026-08-31,2027-08-31,
03NT00597,NTCS XK Nga (Grand Trade) 24chai x 270gr,,gói; thùng,MIP,RU,18,18,18,TCTP,NSX + N tháng,LUI_CUOI_THANG,PROD,MFG,DDMMYYYY,,EXPIRY,EXP,DDMMYYYY,,,,,hh:mm #*S,,,,,18 tháng,HĐĐG,Đang áp dụng,DA_DUYET,nhập từ Master_DateCode.xlsx,2026-08-31,2027-08-31,
03NT00598,NTCS Tỏi ớt XK Nga (Grand Trade) 24chai x 275gr,,gói; thùng,MIP,RU,18,18,18,TCTP,NSX + N tháng,LUI_CUOI_THANG,PROD,MFG,DDMMYYYY,,EXPIRY,EXP,DDMMYYYY,,,,,hh:mm #*S,,,,,NSX và HSD xem trên bao bì,HĐĐG,Đang áp dụng,DA_DUYET,nhập từ Master_DateCode.xlsx,2026-08-31,2027-08-31,
03NT00599,NTCS Nấm XK Nga (Grand Trade) 24chai x 275gr,,gói; thùng,MIP,RU,18,18,18,TCTP,NSX + N tháng,LUI_CUOI_THANG,PROD,MFG,DDMMYYYY,,EXPIRY,EXP,DDMMYYYY,,,,,hh:mm #*S,,,,,NSX và HSD xem trên bao bì,HĐĐG,Đang áp dụng,DA_DUYET,nhập từ Master_DateCode.xlsx,2026-08-31,2027-08-31,
03NT00604,NTCS Nấm Shiitake XK Poland (Pitaya Kuchnia) 24chai x 330ml,,gói; thùng,MIP,PL,24,24,24,TCTP,NSX + N tháng,LUI_CUOI_THANG,EXPIRY,BBF,DD MM YYYY,,,,,hh:mm #*S,,,,,,,,,[bao bì không in NSX — mốc gốc lấy từ lệnh sản xuất] HSD tốt nhất trươc (ngày tháng năm): xem trên bao bì · TCTP bản ký chưa ban hành,HĐĐG,Đang áp dụng,DA_DUYET,nhập từ Master_DateCode.xlsx,2026-08-31,2027-08-31,
03NT00605,NTCS Tỏi ớt XK Poland (Pitaya Kuchnia) 24chai x 330ml,,gói; thùng,MIP,PL,18,18,18,TCTP,NSX + N tháng,LUI_CUOI_THANG,EXPIRY,BBF,DD MM YYYY,,,,,hh:mm #*S,,,,,,,,,[bao bì không in NSX — mốc gốc lấy từ lệnh sản xuất] HSD tốt nhất trước DD MM YYYY,HĐĐG,Đang áp dụng,DA_DUYET,nhập từ Master_DateCode.xlsx,2026-08-31,2027-08-31,
03NT00608,NT TTT Nhất ca XK Canada (WDT) 2bl x 6chai x 650ml,,gói; thùng,MIP,CA,24,24,24,TCTP,NSX + N tháng,LUI_CUOI_THANG,EXPIRY,BBF,YYYY MM DD,,LOT,LOT,DDMMYY,,,,,hh:mm #*S,,,,,"[bao bì không in NSX — mốc gốc lấy từ lệnh sản xuất] HSD tốt nhất trươc: ghi trên chai · TCTP đang trình ký, chưa ban hành",HĐĐG,Đang áp dụng,DA_DUYET,nhập từ Master_DateCode.xlsx,2026-08-31,2027-08-31,
03NT00615,NTCS Nấm Shiitake XK Czech (Dalat) 24chai x 330ml,,gói; thùng,MIP,CZ,24,24,24,TCTP,NSX + N tháng,LUI_CUOI_THANG,EXPIRY,BBF,DDMMYYYY,,,,,hh:mm #*S,,,,,,,,,[bao bì không in NSX — mốc gốc lấy từ lệnh sản xuất] TCTP bản ký chưa ban hành,HĐĐG,Đang áp dụng,DA_DUYET,nhập từ Master_DateCode.xlsx,2026-08-31,2027-08-31,
03OS00015,DHCS sò điệp XK Cambodia 12chai x 820gr,,gói; thùng,MIP,KH,12,,12,TCTP,NSX + N tháng,LUI_CUOI_THANG,PROD,MFG,DDMMYY,,EXPIRY,EXP,DDMMYY,,,,,hh:mm #*S,,,,,Ghi chú: Hạn sử dụng 12 tháng.,HĐĐG,Đang áp dụng,DA_DUYET,nhập từ Master_DateCode.xlsx,2026-08-31,2027-08-31,
03OS00016,DHCS sò điệp XK Cambodia 24chai x 400gr,,gói; thùng,MIP,KH,12,,12,TCTP,NSX + N tháng,LUI_CUOI_THANG,PROD,MFG,DDMMYY,,EXPIRY,EXP,DDMMYY,,,,,hh:mm #*S,,,,,Ghi chú: Hạn sử dụng 12 tháng.,HĐĐG,Đang áp dụng,DA_DUYET,nhập từ Master_DateCode.xlsx,2026-08-31,2027-08-31,
03OT00152,TOCS XK Mỹ 24chai x 250gr,,gói; thùng,MIP,US,18,18,18,TCTP,NSX + N tháng,LUI_CUOI_THANG,EXPIRY,BBF,MMDDYY,,LOT,LOT,DDMMYY,,,,,hh:mm #*S,,,,,[bao bì không in NSX — mốc gốc lấy từ lệnh sản xuất] HSD: 18 tháng · Best if used by: See on package,HĐĐG,Đang áp dụng,DA_DUYET,nhập từ Master_DateCode.xlsx,2026-08-31,2027-08-31,
03OT00160,TOCS XK Australia (DHN) 24chai x 250gr,,gói; thùng,MIP,AU,18,,18,TCTP,NSX + N tháng,LUI_CUOI_THANG,EXPIRY,BBF,DDMMYYYY,,,,,hh:mm #*S,,,,,,,,,"[bao bì không in NSX — mốc gốc lấy từ lệnh sản xuất] (L là viết tắt của Lot Number, aa là số thứ tự lô xuất đi nước đó, bb là năm sản xuất, cA là line đóng gói) | Ghi chú: H",HĐĐG,Đang áp dụng,DA_DUYET,nhập từ Master_DateCode.xlsx,2026-08-31,2027-08-31,
03OT00164,"TOCS XK Cay LB Nga, KAZ, Mongolia - KBG 24chai x 250gr",,gói; thùng,MIP,RU,18,,18,TCTP,NSX + N tháng,LUI_CUOI_THANG,PROD,MFG,DDMMYY,,LOT,LOT,DDMMYY,,EXPIRY,EXP,DDMMYY,,,,,hh:mm #*S,Ghi chú: Hạn sử dụng 18 tháng,HĐĐG,Đang áp dụng,DA_DUYET,nhập từ Master_DateCode.xlsx,2026-08-31,2027-08-31,
03OT00168,TOCS XK Taiwan 2 (N.I.M) 3bl x 8chai x 250gr,,gói; thùng,MIP,TW,15,,15,TCTP,NSX + N tháng,LUI_CUOI_THANG,EXPIRY,EXP,DD.MM.YYYY,,,,,hh:mm #*S,,,,,,,,,"[bao bì không in NSX — mốc gốc lấy từ lệnh sản xuất] EXP: Hạn sử dụng ngày/tháng/năm | LaabbcA: L viết tắt của Lot Number, aa là số thứ tự lô xuất đi nước đó, bb là năm sản",HĐĐG,Đang áp dụng,DA_DUYET,nhập từ Master_DateCode.xlsx,2026-08-31,2027-08-31,
03OT00169,TOCS XK Czech (Dalat) 3bl x 8chai x 250gr,,gói; thùng,MIP,CZ,18,,18,TCTP,NSX + N tháng,LUI_CUOI_THANG,EXPIRY,BBF,DDMMYYYY,,PROD,NSX,DDMMYY,,,,,hh:mm #*S,,,,,( Sử dụng tốt nhất trước ngày/tháng/năm + Lot No.) | Ghi chú: Hạn sử dụng 18 tháng.,HĐĐG,Đang áp dụng,DA_DUYET,nhập từ Master_DateCode.xlsx,2026-08-31,2027-08-31,
03OT00174,TOCS XK Nhật 3bl x 8chai x 250gr,,gói; thùng,MIP,JP,15,15,15,TCTP,NSX + N tháng,LUI_CUOI_THANG,EXPIRY,EXP,YYYY.MM.DD,,,,,hh:mm #*S,,,,,,,,,[bao bì không in NSX — mốc gốc lấy từ lệnh sản xuất] Ghi chú: Hạn sử dụng 15 tháng · Best before: Indicated on cap,HĐĐG,Đang áp dụng,DA_DUYET,nhập từ Master_DateCode.xlsx,2026-08-31,2027-08-31,
03OT00190,TOCS XK Hà Lan (Herman) 24chai x 250gr,,gói; thùng,MIP,,18,,18,TCTP,NSX + N tháng,LUI_CUOI_THANG,EXPIRY,BBF,DD MM YYYY,,,,,hh:mm #*S,,,,,,,,,[bao bì không in NSX — mốc gốc lấy từ lệnh sản xuất] (Sử dụng tốt nhất trước ngày/tháng/năm) | Ghi chú: Hạn sử dụng 18 tháng.,HĐĐG,Đang áp dụng,DA_DUYET,nhập từ Master_DateCode.xlsx,2026-08-31,2027-08-31,
03OT00194,TOCS XK Nhật 2bl x 6chai x 520gr,,gói; thùng,MIP,JP,15,,15,TCTP,NSX + N tháng,LUI_CUOI_THANG,EXPIRY,EXP,YYYY.MM.DD,,,,,hh:mm #*S,,,,,,,,,[bao bì không in NSX — mốc gốc lấy từ lệnh sản xuất] Ghi chú: Hạn sử dụng 15 tháng,HĐĐG,Đang áp dụng,DA_DUYET,nhập từ Master_DateCode.xlsx,2026-08-31,2027-08-31,
03OT00198,Tương ớt CHIN-SU chai eo XK Australia (Lotus) 3bl x 8chai x 250gr,,gói; thùng,MIP,AU,18,,18,TCTP,NSX + N tháng,LUI_CUOI_THANG,EXPIRY,BBF,DDMMYYYY,,,,,hh:mm #*S,,,,,,,,,"[bao bì không in NSX — mốc gốc lấy từ lệnh sản xuất] (L là viết tắt của Lot Number, aa là số thứ tự lô xuất đi nước đó, bb là năm sản xuất, cA là line đóng gói) | Ghi chú: H",HĐĐG,Đang áp dụng,DA_DUYET,nhập từ Master_DateCode.xlsx,2026-08-31,2027-08-31,
03OT00202,TOCS XK Poland (Asia-Foods) 3bl x 8chai x 250gr,,gói; thùng,MIP,PL,18,,18,TCTP,NSX + N tháng,LUI_CUOI_THANG,EXPIRY,BBF,DD MM YYYY,,,,,hh:mm #*S,,,,,,,,,[bao bì không in NSX — mốc gốc lấy từ lệnh sản xuất] (Sử dụng tốt nhất trước ngày/tháng/năm) | Ghi chú: Hạn sử dụng 18 tháng.,HĐĐG,Đang áp dụng,DA_DUYET,nhập từ Master_DateCode.xlsx,2026-08-31,2027-08-31,
03OT00205,TOCS XK Mỹ 12chai x 500gr,,gói; thùng,MIP,US,18,,18,TCTP,NSX + N tháng,LUI_CUOI_THANG,EXPIRY,BBF,MMDDYY,,LOT,LOT,DDMMYY,,,,,hh:mm #*S,,,,,[bao bì không in NSX — mốc gốc lấy từ lệnh sản xuất] Ghi chú: Hạn sử dụng 18 tháng,HĐĐG,Đang áp dụng,DA_DUYET,nhập từ Master_DateCode.xlsx,2026-08-31,2027-08-31,
03OT00207,TOCS cay gấp đôi XK Nhật 3bl x 8 chai x 250gr,,gói; thùng,MIP,JP,15,15,15,TCTP,NSX + N tháng,LUI_CUOI_THANG,EXPIRY,EXP,YYMMDD,,,,,hh:mm #*S,,,,,,,,,[bao bì không in NSX — mốc gốc lấy từ lệnh sản xuất] Ghi chú: Hạn sử dụng 15 tháng. · Best before: Indicated on cap,HĐĐG,Đang áp dụng,DA_DUYET,nhập từ Master_DateCode.xlsx,2026-08-31,2027-08-31,
03OT00210,TOCS XK Thụy Điển (Hungfat) 3bl x 8chai x 250gr,,gói; thùng,MIP,SE,18,,18,TCTP,NSX + N tháng,LUI_CUOI_THANG,EXPIRY,BBF,DD MM YYYY,,,,,hh:mm #*S,,,,,,,,,[bao bì không in NSX — mốc gốc lấy từ lệnh sản xuất] (Sử dụng tốt nhất trước ngày/tháng/năm) | Ghi chú: Hạn sử dụng 18 tháng.,HĐĐG,Đang áp dụng,DA_DUYET,nhập từ Master_DateCode.xlsx,2026-08-31,2027-08-31,
03OT00211,TOCS XK Taiwan 1 (Asean VIP) 3bl x 8chai x 250gr,,gói; thùng,MIP,TW,15,15,15,TCTP,NSX + N tháng,LUI_CUOI_THANG,PROD,MFG,DD/MM/YYYY,,EXPIRY,EXP,DD/MM/YYYY,,,,,hh:mm #*S,,,,,hh:mm + line đóng gói và chữ A | Ghi chú: Hạn sử dụng 15 tháng. · Manufacturing date and expiry date: as shown on the pa,HĐĐG,Đang áp dụng,DA_DUYET,nhập từ Master_DateCode.xlsx,2026-08-31,2027-08-31,
03OT00225,TOCS XK XingBao 3bl x 8chai x 250gr,,gói; thùng,MIP,,18,18,18,TCTP,NSX + N tháng,LUI_CUOI_THANG,PROD,NSX,DD/MM/YYYY,,EXPIRY,HSD,DD/MM/YYYY,,,,,hh:mm #*S,,,,,"Production date: see on package (day/month/year)
Shelf-life: 18 months",Thực tế in,Đang áp dụng,DA_DUYET,nhập từ Master_DateCode.xlsx,2026-08-31,2027-08-31,
03OT00228,TOCS XK Mỹ 8chai x 1kg,,gói; thùng,MIP,US,18,18,18,TCTP,NSX + N tháng,LUI_CUOI_THANG,EXPIRY,BBF,MMDDYY,,LOT,LOT,DDMMYY,,,,,hh:mm #*S,,,,,[bao bì không in NSX — mốc gốc lấy từ lệnh sản xuất] Ghi chú: Hạn sử dụng 18 tháng · Best if used by: See on package.,HĐĐG,Đang áp dụng,DA_DUYET,nhập từ Master_DateCode.xlsx,2026-08-31,2027-08-31,
03OT00239,TOCS Phở XK Mỹ 2bl x 6chai x 470gr,,gói; thùng,MIP,US,18,,18,TCTP,NSX + N tháng,LUI_CUOI_THANG,PROD,MFG,MMM DD YY,,EXPIRY,BBF,MMM DD YY,,,,,hh:mm #*S,,,,,Ghi chú: Hạn sử dụng 18 tháng,HĐĐG,Đang áp dụng,DA_DUYET,nhập từ Master_DateCode.xlsx,2026-08-31,2027-08-31,
03OT00241,TOCS XK Nhật 16bịch x 50gói x 10gr,,gói; thùng,MIP,JP,15,,15,TCTP,NSX + N tháng,LUI_CUOI_THANG,EXPIRY,EXP,YYMMDD,,,,,hh:mm #*S,,,,,,,,,[bao bì không in NSX — mốc gốc lấy từ lệnh sản xuất] Ghi chú: Hạn sử dụng 15 tháng,HĐĐG,Đang áp dụng,DA_DUYET,nhập từ Master_DateCode.xlsx,2026-08-31,2027-08-31,
03OT00248,TOCS XK Hungary (Chimpex) 3bl x 8chai x 250gr,,gói; thùng,MIP,HU,18,,18,TCTP,NSX + N tháng,LUI_CUOI_THANG,EXPIRY,BBF,DDMMYYYY,,PROD,NSX,DDMMYY,,,,,hh:mm #*S,,,,,(Sử dụng tốt nhất trước ngày/tháng/năm + Lot No.) | Ghi chú: Hạn sử dụng 18 tháng.,HĐĐG,Đang áp dụng,DA_DUYET,nhập từ Master_DateCode.xlsx,2026-08-31,2027-08-31,
03OT00250,TOCS XK Hà Lan (Mooijer) 3bl x 8chai x 250gr,,gói; thùng,MIP,,18,,18,TCTP,NSX + N tháng,LUI_CUOI_THANG,EXPIRY,BBF,DD MM YYYY,,,,,hh:mm #*S,,,,,,,,,[bao bì không in NSX — mốc gốc lấy từ lệnh sản xuất] (Sử dụng tốt nhất trước ngày/tháng/năm) | Ghi chú: Hạn sử dụng 18 tháng.,HĐĐG,Đang áp dụng,DA_DUYET,nhập từ Master_DateCode.xlsx,2026-08-31,2027-08-31,
03OT00265,TOCS XK Taiwan 2 (N.I.M) 2bl x 6chai x 520gr,,gói; thùng,MIP,TW,15,,15,TCTP,NSX + N tháng,LUI_CUOI_THANG,EXPIRY,EXP,DD.MM.YYYY,,,,,hh:mm #*S,,,,,,,,,[bao bì không in NSX — mốc gốc lấy từ lệnh sản xuất] Các NỘI DUNG KHÁC nhằm mục đích truy vết sản phẩm sẽ được QA quy định | Ghi chú: Hạn sử dụng 15 tháng.,HĐĐG,Đang áp dụng,DA_DUYET,nhập từ Master_DateCode.xlsx,2026-08-31,2027-08-31,
03OT00272,TOCS Original XK Korea (Hyosung) 3bl x 8chai x 250gr,,gói; thùng,MIP,KR,15,,15,TCTP,NSX + N tháng,LUI_CUOI_THANG,EXPIRY,EXP,DD MM YYYY,,,,,hh:mm #*S,,,,,,,,,[bao bì không in NSX — mốc gốc lấy từ lệnh sản xuất] Ghi chú: Hạn sử dụng 15 tháng. · Expiration date: Until the date marked separately for the product (in order of day/mont,HĐĐG,Đang áp dụng,DA_DUYET,nhập từ Master_DateCode.xlsx,2026-08-31,2027-08-31,
03OT00284,TOCS XK Czech (Dalat) 2bl x 6chai x 480gr,,gói; thùng,MIP,CZ,18,,18,TCTP,NSX + N tháng,LUI_CUOI_THANG,EXPIRY,BBF,DDMMYYYY,,PROD,NSX,DDMMYY,,,,,hh:mm #*S,,,,,(Sử dụng tốt nhất trước ngày/tháng/năm + Lot No.) | Ghi chú: Hạn sử dụng 18 tháng.,HĐĐG,Đang áp dụng,DA_DUYET,nhập từ Master_DateCode.xlsx,2026-08-31,2027-08-31,
03OT00286,TOCS XK Australia (Lotus) 2bl x 6chai x 480gr,,gói; thùng,MIP,AU,18,,18,TCTP,NSX + N tháng,LUI_CUOI_THANG,EXPIRY,BBF,DD MM YYYY,,,,,hh:mm #*S,,,,,,,,,"[bao bì không in NSX — mốc gốc lấy từ lệnh sản xuất] (L là viết tắt của Lot Number, aa là số thứ tự lô xuất đi nước đó, bb là năm sản xuất, cA là line đóng gói) | Ghi chú: H",HĐĐG,Đang áp dụng,DA_DUYET,nhập từ Master_DateCode.xlsx,2026-08-31,2027-08-31,
03OT00287,TOCS XK Australia (DHN) 2bl x 6chai x 480gr,,gói; thùng,MIP,AU,18,,18,TCTP,NSX + N tháng,LUI_CUOI_THANG,EXPIRY,BBF,DD MM YYYY,,,,,hh:mm #*S,,,,,,,,,"[bao bì không in NSX — mốc gốc lấy từ lệnh sản xuất] (L là viết tắt của Lot Number, aa là số thứ tự lô xuất đi nước đó, bb là năm sản xuất, cA là line đóng gói) | Ghi chú: H",HĐĐG,Đang áp dụng,DA_DUYET,nhập từ Master_DateCode.xlsx,2026-08-31,2027-08-31,
03OT00288,TOCS XK Taiwan 1 (Asean VIP) 2bl x 6chai x 520gr,,gói; thùng,MIP,TW,15,,15,TCTP,NSX + N tháng,LUI_CUOI_THANG,PROD,MFG,DD/MM/YYYY,,EXPIRY,EXP,DD/MM/YYYY,,,,,hh:mm #*S,,,,,hh:mm + line đóng gói và chữ A | Ghi chú: Hạn sử dụng 15 tháng.,HĐĐG,Đang áp dụng,DA_DUYET,nhập từ Master_DateCode.xlsx,2026-08-31,2027-08-31,
03OT00289,TOCS XK Korea 2 (Hyosung) 2bl x 6chai x 500gr,,gói; thùng,MIP,KR,15,,15,TCTP,NSX + N tháng,LUI_CUOI_THANG,EXPIRY,EXP,DD MM YYYY,,,,,hh:mm #*S,,,,,,,,,[bao bì không in NSX — mốc gốc lấy từ lệnh sản xuất] Ghi chú: Hạn sử dụng 15 tháng.,HĐĐG,Đang áp dụng,DA_DUYET,nhập từ Master_DateCode.xlsx,2026-08-31,2027-08-31,
03OT00290,TOCS XK CPC 24chai x 250gr,,gói; thùng,MIP,KH,18,,18,TCTP,NSX + N tháng,LUI_CUOI_THANG,PROD,MFG,DDMMYY,,EXPIRY,BBF,DDMMYY,,,,,hh:mm #*S,,,,,Vị trí in trên chai: HSD: 18 tháng,HĐĐG,Đang áp dụng,DA_DUYET,nhập từ Master_DateCode.xlsx,2026-08-31,2027-08-31,
03OT00315,TOCS XK UK (LongDan) 3bl x 8chai x 250gr,,gói; thùng,MIP,GB,18,,18,TCTP,NSX + N tháng,LUI_CUOI_THANG,EXPIRY,BBF,DDMMYYYY,,PROD,NSX,DDMMYY,,,,,hh:mm #*S,,,,,(Sử dụng tốt nhất trước ngày/tháng/năm + Lot No.) | Ghi chú: Hạn sử dụng 18 tháng.,HĐĐG,Đang áp dụng,DA_DUYET,nhập từ Master_DateCode.xlsx,2026-08-31,2027-08-31,
03OT00318,TOCS Original XK Korea (Hyosung) 8chai x 1kg,,gói; thùng,MIP,KR,15,15,15,TCTP,NSX + N tháng,LUI_CUOI_THANG,EXPIRY,EXP,DD MM YYYY,,,,,hh:mm #*S,,,,,,,,,[bao bì không in NSX — mốc gốc lấy từ lệnh sản xuất] Expiration date: Until the date marked separately on the product (how to read: in order of day/month/year),HĐĐG,Đang áp dụng,DA_DUYET,nhập từ Master_DateCode.xlsx,2026-08-31,2027-08-31,
03OT00320,TOCS XK Canada (WDT) 3bl x 8 chai x 235ml,,gói; thùng,MIP,CA,18,18,18,TCTP,NSX + N tháng,LUI_CUOI_THANG,EXPIRY,BBF,YYYY MM DD,,LOT,LOT,DDMMYY,,,,,hh:mm #*S,,,,,[bao bì không in NSX — mốc gốc lấy từ lệnh sản xuất] HSD: 18 tháng | Ví dụ: BBF 2027 JL 16 WD | Lot160126 18:20 A · Best before and Lot code: See on bottle shoulder,HĐĐG,Đang áp dụng,DA_DUYET,nhập từ Master_DateCode.xlsx,2026-08-31,2027-08-31,
03OT00321,TOCS XK Canada (WDT) 2bl x 6chai x 450ml,,gói; thùng,MIP,CA,18,,18,TCTP,NSX + N tháng,LUI_CUOI_THANG,EXPIRY,BBF,YYYY MM DD,,LOT,LOT,DDMMYY,,,,,hh:mm #*S,,,,,[bao bì không in NSX — mốc gốc lấy từ lệnh sản xuất] HSD: 18 tháng | (Sử dụng tốt nhất trước năm/tháng/ngày) | (LOTno ngày/tháng/năm sản xuất) | Ví dụ: BBF 2027 JL 16 WD | L,HĐĐG,Đang áp dụng,DA_DUYET,nhập từ Master_DateCode.xlsx,2026-08-31,2027-08-31,
03OT00340,TOCS Sriracha (CD) XK Nhật 3bl x 8chai x 275gr,,gói; thùng,MIP,JP,15,,15,TCTP,NSX + N tháng,LUI_CUOI_THANG,EXPIRY,EXP,YYMMDD,,,,,hh:mm #*S,,,,,,,,,[bao bì không in NSX — mốc gốc lấy từ lệnh sản xuất] Ghi chú: Hạn sử dụng 15 tháng.,HĐĐG,Đang áp dụng,DA_DUYET,nhập từ Master_DateCode.xlsx,2026-08-31,2027-08-31,
03OT00344,TOCS Sriracha XK (CT) Canada 3bl x 8chai x 235ml,,gói; thùng,MIP,CA,18,,18,TCTP,NSX + N tháng,LUI_CUOI_THANG,EXPIRY,BBF,YYYYMMDD,,,,,hh:mm #*S,,,,,,,,,[bao bì không in NSX — mốc gốc lấy từ lệnh sản xuất] WD hh:mm line đóng gói | Ghi chú: Hạn sử dụng 18 tháng.,HĐĐG,Đang áp dụng,DA_DUYET,nhập từ Master_DateCode.xlsx,2026-08-31,2027-08-31,
03OT00346,TOCS Sriracha XK (CT) Hyosung 3bl x 8chai x 275gr,,gói; thùng,MIP,,15,,15,TCTP,NSX + N tháng,LUI_CUOI_THANG,EXPIRY,EXP,DD MM YYYY,,,,,hh:mm #*S,,,,,,,,,[bao bì không in NSX — mốc gốc lấy từ lệnh sản xuất] Ghi chú: Hạn sử dụng 15 tháng.,HĐĐG,Đang áp dụng,DA_DUYET,nhập từ Master_DateCode.xlsx,2026-08-31,2027-08-31,
03OT00350,TOCS XK Australia (Golden Star) 3bl x 8chai x 250gr,,gói; thùng,MIP,AU,18,,18,TCTP,NSX + N tháng,LUI_CUOI_THANG,EXPIRY,BBF,DDMMYYYY,,,,,hh:mm #*S,,,,,,,,,"[bao bì không in NSX — mốc gốc lấy từ lệnh sản xuất] (L là viết tắt của Lot number, aa là số thứ tự lô sản xuất đi nước đó, bb là năm sản xuất, cA là line đóng gói) | Ghi ch",HĐĐG,Đang áp dụng,DA_DUYET,nhập từ Master_DateCode.xlsx,2026-08-31,2027-08-31,
03OT00351,TOCS XK Australia (Golden Star) 2bl x 6chai x 480gr,,gói; thùng,MIP,AU,18,,18,TCTP,NSX + N tháng,LUI_CUOI_THANG,EXPIRY,BBF,DD MM YYYY,,,,,hh:mm #*S,,,,,,,,,"[bao bì không in NSX — mốc gốc lấy từ lệnh sản xuất] (L là viết tắt của Lot Number, aa là số thứ tự lô xuất đi nước đó, bb là năm sản xuất, cA là line đóng gói) | Ghi chú: H",HĐĐG,Đang áp dụng,DA_DUYET,nhập từ Master_DateCode.xlsx,2026-08-31,2027-08-31,
03OT00370,TOCS Sriracha XK Thụy Điển (Hungfat) 3bl x 6chai x 535gr,,gói; thùng,MIP,SE,18,,18,TCTP,NSX + N tháng,LUI_CUOI_THANG,EXPIRY,BBF,DDMMYYYY,,,,,hh:mm #*S,,,,,,,,,[bao bì không in NSX — mốc gốc lấy từ lệnh sản xuất] (Sử dụng tốt nhất trước ngày/tháng/năm + Lot No.) | Ghi chú: Hạn sử dụng 18 tháng,HĐĐG,Đang áp dụng,DA_DUYET,nhập từ Master_DateCode.xlsx,2026-08-31,2027-08-31,
03OT00371,TOCS Sriracha XK Czech (Dalat) 3bl x 6chai x 535gr,,gói; thùng,MIP,CZ,18,,18,TCTP,NSX + N tháng,LUI_CUOI_THANG,EXPIRY,BBF,DDMMYYYY,,,,,hh:mm #*S,,,,,,,,,[bao bì không in NSX — mốc gốc lấy từ lệnh sản xuất] (Sử dụng tốt nhất trước ngày/tháng/năm + Lot No.) | Ghi chú: Hạn sử dụng 18 tháng,HĐĐG,Đang áp dụng,DA_DUYET,nhập từ Master_DateCode.xlsx,2026-08-31,2027-08-31,
03OT00372,TOCS Sriracha XK (CT) Czech (Dalat) 3bl x 8chai x 275gr,,gói; thùng,MIP,CZ,18,,18,TCTP,NSX + N tháng,LUI_CUOI_THANG,EXPIRY,BBF,DDMMYYYY,,PROD,NSX,DDMMYY,,,,,hh:mm #*S,,,,,(Sử dụng tốt nhất trước ngày/tháng/năm + Lot No.) | Ghi chú: Hạn sử dụng 18 tháng,HĐĐG,Đang áp dụng,DA_DUYET,nhập từ Master_DateCode.xlsx,2026-08-31,2027-08-31,
03OT00374,TOCS Original XK Nhật (IMAI) 8chai x 1kg,,gói; thùng,MIP,JP,15,15,15,TCTP,NSX + N tháng,LUI_CUOI_THANG,EXPIRY,EXP,YYMMDD,,,,,hh:mm #*S,,,,,,,,,[bao bì không in NSX — mốc gốc lấy từ lệnh sản xuất] VD: EXP 210331 | Ghi chú: Hạn sử dụng 15 tháng · Best before date: described on the cap,HĐĐG,Đang áp dụng,DA_DUYET,nhập từ Master_DateCode.xlsx,2026-08-31,2027-08-31,
03OT00377,TOCS Original XK Mỹ 16bịch x 50gói x 10gr,,gói; thùng,MIP,US,18,,18,TCTP,NSX + N tháng,LUI_CUOI_THANG,PROD,MFG,MMM DD YY,,EXPIRY,BBF,MMM DD YY,,,,,hh:mm #*S,,,,,HSD: 18 tháng,HĐĐG,Đang áp dụng,DA_DUYET,nhập từ Master_DateCode.xlsx,2026-08-31,2027-08-31,
03OT00378,TOCS Sriracha XK Mỹ XK Mỹ 16bịch x 50gói x 10gr,,gói; thùng,MIP,US,18,,18,TCTP,NSX + N tháng,LUI_CUOI_THANG,EXPIRY,BBF,MMDDYY,,LOT,LOT,DDMMYY,,,,,hh:mm #*S,,,,,[bao bì không in NSX — mốc gốc lấy từ lệnh sản xuất] HSD: 18 tháng,HĐĐG,Đang áp dụng,DA_DUYET,nhập từ Master_DateCode.xlsx,2026-08-31,2027-08-31,
03OT00379,TOCS Sriracha XK Nhật 16bịch x 50gói x 10gr,,gói; thùng,MIP,JP,15,,15,TCTP,NSX + N tháng,LUI_CUOI_THANG,EXPIRY,EXP,YYMMDD,,,,,hh:mm #*S,,,,,,,,,[bao bì không in NSX — mốc gốc lấy từ lệnh sản xuất] Ghi chú: Hạn sử dụng 15 tháng,HĐĐG,Đang áp dụng,DA_DUYET,nhập từ Master_DateCode.xlsx,2026-08-31,2027-08-31,
03OT00380,TOCS chua ngọt XK Hàn Quốc 3bl x 8chai x 295gr (CT),,gói; thùng,MIP,KR,15,,15,TCTP,NSX + N tháng,LUI_CUOI_THANG,EXPIRY,EXP,DD MM YYYY,,,,,hh:mm #*S,,,,,,,,,[bao bì không in NSX — mốc gốc lấy từ lệnh sản xuất] Ghi chú: Hạn sử dụng 15 tháng,HĐĐG,Đang áp dụng,DA_DUYET,nhập từ Master_DateCode.xlsx,2026-08-31,2027-08-31,
03OT00383,TOCS Sriracha (CT) XK Mỹ 3bl x 8chai x 115gr,,gói; thùng,MIP,US,18,,18,TCTP,NSX + N tháng,LUI_CUOI_THANG,EXPIRY,BBF,MMDDYY,,LOT,LOT,DDMMYY,,,,,hh:mm #*S,,,,,[bao bì không in NSX — mốc gốc lấy từ lệnh sản xuất] Ghi chú: Hạn sử dụng 18 tháng.,HĐĐG,Đang áp dụng,DA_DUYET,nhập từ Master_DateCode.xlsx,2026-08-31,2027-08-31,
03OT00384,TOCS Sriracha XK Mỹ (CT) 3bl x 8chai x 250gr,,gói; thùng,MIP,US,18,,18,TCTP,NSX + N tháng,LUI_CUOI_THANG,EXPIRY,BBF,MMDDYY,,LOT,LOT,DDMMYY,,,,,hh:mm #*S,,,,,[bao bì không in NSX — mốc gốc lấy từ lệnh sản xuất] Ghi chú: Hạn sử dụng 18 tháng.,HĐĐG,Đang áp dụng,DA_DUYET,nhập từ Master_DateCode.xlsx,2026-08-31,2027-08-31,
03OT00391,TOCS XK Australia (DHN) 2bl x 6chai x 960gr,,gói; thùng,MIP,AU,18,18,18,TCTP,NSX + N tháng,LUI_CUOI_THANG,EXPIRY,BBF,DD MM YYYY,,,,,hh:mm #*S,,,,,,,,,[bao bì không in NSX — mốc gốc lấy từ lệnh sản xuất] Ghi chú: Hạn sử dụng 18 tháng · Best Before (dd mm yyyy) & Lot No.: see on package,HĐĐG,Đang áp dụng,DA_DUYET,nhập từ Master_DateCode.xlsx,2026-08-31,2027-08-31,
03OT00392,TOCS XK Australia (Lotus) 2bl x 6chai x 960gr,,gói; thùng,MIP,AU,18,18,18,TCTP,NSX + N tháng,LUI_CUOI_THANG,EXPIRY,BBF,DD MM YYYY,,,,,hh:mm #*S,,,,,,,,,[bao bì không in NSX — mốc gốc lấy từ lệnh sản xuất] Ghi chú: Hạn sử dụng 18 tháng · Best Before (dd mm yyyy) & Lot No.: see on package,HĐĐG,Đang áp dụng,DA_DUYET,nhập từ Master_DateCode.xlsx,2026-08-31,2027-08-31,
03OT00399,TOCS XK Nhật 3bl x 8chai x 100gr,,gói; thùng,MIP,JP,15,,15,TCTP,NSX + N tháng,LUI_CUOI_THANG,EXPIRY,EXP,YYMMDD,,,,,hh:mm #*S,,,,,,,,,[bao bì không in NSX — mốc gốc lấy từ lệnh sản xuất] Ghi chú: Hạn sử dụng 15 tháng,HĐĐG,Đang áp dụng,DA_DUYET,nhập từ Master_DateCode.xlsx,2026-08-31,2027-08-31,
03OT00400,TOCS XK Nhật Sriracha (CD) 3bl x 8chai x 115gr,,gói; thùng,MIP,JP,15,,15,TCTP,NSX + N tháng,LUI_CUOI_THANG,EXPIRY,EXP,YYMMDD,,,,,hh:mm #*S,,,,,,,,,[bao bì không in NSX — mốc gốc lấy từ lệnh sản xuất] Ghi chú: Hạn sử dụng 15 tháng,HĐĐG,Đang áp dụng,DA_DUYET,nhập từ Master_DateCode.xlsx,2026-08-31,2027-08-31,
03OT00404,TOCS XK New Zealand (Gai Lee) 2bl x 6chai x 480gr,,gói; thùng,MIP,NZ,18,,18,TCTP,NSX + N tháng,LUI_CUOI_THANG,EXPIRY,BBF,DD MM YYYY,,,,,hh:mm #*S,,,,,,,,,"[bao bì không in NSX — mốc gốc lấy từ lệnh sản xuất] (L là viết tắt của Lot Number, aa là số thứ tự lô xuất đi nước đó, bb là năm sản xuất, cA là line đóng gói) | Ghi chú: H",HĐĐG,Đang áp dụng,DA_DUYET,nhập từ Master_DateCode.xlsx,2026-08-31,2027-08-31,
03OT00419,TOCS Sriracha XK Australia (DHN) 3bl x 8chai x 275gr,,gói; thùng,MIP,AU,15,,15,TCTP,NSX + N tháng,LUI_CUOI_THANG,EXPIRY,BBD,DD MM YYYY,,,,,hh:mm #*S,,,,,,,,,[bao bì không in NSX — mốc gốc lấy từ lệnh sản xuất] (Hạn sử dụng: ngày/tháng/năm + LotNo) | Ghi chú: Hạn sử dụng 15 tháng,HĐĐG,Đang áp dụng,DA_DUYET,nhập từ Master_DateCode.xlsx,2026-08-31,2027-08-31,
03OT00424,TOCS Sriracha XK Taiwan (Fullerton) 3bl x 6chai x 535gr,,gói; thùng,MIP,TW,15,,15,TCTP,NSX + N tháng,LUI_CUOI_THANG,EXPIRY,EXP,DD.MM.YYYY,,,,,hh:mm #*S,,,,,,,,,[bao bì không in NSX — mốc gốc lấy từ lệnh sản xuất] (Hạn sử dụng: ngày/tháng/năm + LotNo) | Ghi chú: Hạn sử dụng 15 tháng,HĐĐG,Đang áp dụng,DA_DUYET,nhập từ Master_DateCode.xlsx,2026-08-31,2027-08-31,
03OT00425,TOCS XK Thụy Điển (Hungfat) 2bl x 6chai x 480gr,,gói; thùng,MIP,SE,18,,18,TCTP,NSX + N tháng,LUI_CUOI_THANG,EXPIRY,BBF,DD MM YYYY,,,,,hh:mm #*S,,,,,,,,,"[bao bì không in NSX — mốc gốc lấy từ lệnh sản xuất] (L là viết tắt của Lot Number, aa là số thứ tự lô xuất đi nước đó, bb là năm sản xuất, cA là line đóng gói) | Ghi chú: H",HĐĐG,Đang áp dụng,DA_DUYET,nhập từ Master_DateCode.xlsx,2026-08-31,2027-08-31,
03OT00430,TOCS Sriracha XK Mỹ (CT) 2bl x 6chai x 500gr,,gói; thùng,MIP,US,18,,18,TCTP,NSX + N tháng,LUI_CUOI_THANG,EXPIRY,BBF,MMDDYY,,,,,hh:mm #*S,,,,,,,,,[bao bì không in NSX — mốc gốc lấy từ lệnh sản xuất] LaabbcA | Ghi chú: Hạn sử dụng 18 tháng.,HĐĐG,Đang áp dụng,DA_DUYET,nhập từ Master_DateCode.xlsx,2026-08-31,2027-08-31,
03OT00433,TOCS cay XK Netherlands (LTP) 3bl x 8chai x 250gr,,gói; thùng,MIP,NL,15,,15,TCTP,NSX + N tháng,LUI_CUOI_THANG,EXPIRY,BBD,DD/MM/YYYY,,LOT,LOT,DDMMYY,,,,,hh:mm #*S,,,,,[bao bì không in NSX — mốc gốc lấy từ lệnh sản xuất] Ghi chú: Hạn sử dụng 15 tháng,HĐĐG,Đang áp dụng,DA_DUYET,nhập từ Master_DateCode.xlsx,2026-08-31,2027-08-31,
03OT00434,TOCS XK Netherlands (LTP) 2bl x 6chai x 480gr,,gói; thùng,MIP,NL,15,,15,TCTP,NSX + N tháng,LUI_CUOI_THANG,EXPIRY,BBD,DD/MM/YYYY,,LOT,LOT,DDMMYY,,,,,hh:mm #*S,,,,,[bao bì không in NSX — mốc gốc lấy từ lệnh sản xuất] Ghi chú: Hạn sử dụng 15 tháng,HĐĐG,Đang áp dụng,DA_DUYET,nhập từ Master_DateCode.xlsx,2026-08-31,2027-08-31,
03OT00437,TO Horeca XK Campuchia 24chai x 450gr,,gói; thùng,MIP,KH,12,,12,TCTP,NSX + N tháng,LUI_CUOI_THANG,PROD,MFG,DDMMYY,,EXPIRY,EXP,DDMMYY,,,,,hh:mm #*S,,,,,Ghi chú: Hạn sử dụng 12 tháng,HĐĐG,Đang áp dụng,DA_DUYET,nhập từ Master_DateCode.xlsx,2026-08-31,2027-08-31,
03OT00440,TOCS Original XK Mỹ (Seattle) 2bl x 6chai x 500gr,,gói; thùng,MIP,US,18,,18,TCTP,NSX + N tháng,LUI_CUOI_THANG,EXPIRY,BBF,MM/DD/YY,,,,,hh:mm #*S,,,,,,,,,[bao bì không in NSX — mốc gốc lấy từ lệnh sản xuất] LaabbcA | Ghi chú: Hạn sử dụng 18 tháng,HĐĐG,Đang áp dụng,DA_DUYET,nhập từ Master_DateCode.xlsx,2026-08-31,2027-08-31,
03OT00444,TOCS Sriracha XK Mỹ (Seattle) 2bl x 6chai x 500gr (CT mới),,gói; thùng,MIP,US,18,,18,TCTP,NSX + N tháng,LUI_CUOI_THANG,EXPIRY,BBF,MMDDYY,,LOT,LOT,DDMMYY,,,,,hh:mm #*S,,,,,[bao bì không in NSX — mốc gốc lấy từ lệnh sản xuất] Ghi chú: Hạn sử dụng 18 tháng,HĐĐG,Đang áp dụng,DA_DUYET,nhập từ Master_DateCode.xlsx,2026-08-31,2027-08-31,
03OT00456,TOCS XK Nga (Magnit) 3bl x 8chai x 250gr,,gói; thùng,MIP,RU,15,,15,TCTP,NSX + N tháng,LUI_CUOI_THANG,PROD,MFG,DDMMYYYY,,EXPIRY,EXP,DDMMYYYY,,,,,hh:mm #*S,,,,,(Ngày sản xuất: ngày/tháng/năm | Hạn sử dụng: ngày/tháng/năm + LotNo),HĐĐG,Đang áp dụng,DA_DUYET,nhập từ Master_DateCode.xlsx,2026-08-31,2027-08-31,
03OT00457,TOCS Sriracha (CT) XK Nga (Magnit) 3bl x 8chai x 275gr,,gói; thùng,MIP,RU,15,,15,TCTP,NSX + N tháng,LUI_CUOI_THANG,PROD,MFG,DDMMYYYY,,EXPIRY,EXP,DDMMYYYY,,,,,hh:mm #*S,,,,,(Ngày sản xuất: ngày/tháng/năm) | Ghi chú: Hạn sử dụng 15 tháng,HĐĐG,Đang áp dụng,DA_DUYET,nhập từ Master_DateCode.xlsx,2026-08-31,2027-08-31,
03OT00474,TOCS XK Nga (KBG) CZ 3bl x 8chai x 250gr,,gói; thùng,MIP,RU,18,18,18,TCTP,NSX + N tháng,LUI_CUOI_THANG,PROD,MFG,DDMMYY,,LOT,LOT,DDMMYY,,EXPIRY,EXP,DDMMYY,,,,,hh:mm #*S,Ghi chú: Hạn sử dụng 18 tháng · Best before date: 18 months,HĐĐG,Đang áp dụng,DA_DUYET,nhập từ Master_DateCode.xlsx,2026-08-31,2027-08-31,
03OT00475,TOCS Original XK Malaysia (Sangla) 3bl x 8chai x 250gr,,gói; thùng,MIP,MY,18,18,18,TCTP,NSX + N tháng,LUI_CUOI_THANG,EXPIRY,EXP,DD/MM/YYYY,,LOT,LOT,DDMMYY,,,,,hh:mm #*S,,,,,[bao bì không in NSX — mốc gốc lấy từ lệnh sản xuất] Ghi chú: Hạn sử dụng 18 tháng · EXP DATE (DD/MM/YYYY) & Lot Number: See on package,HĐĐG,Đang áp dụng,DA_DUYET,nhập từ Master_DateCode.xlsx,2026-08-31,2027-08-31,
03OT00476,TOCS Sriracha (CD) XK Malaysia (Sangla) 3bl x 8chai x 250gr,,gói; thùng,MIP,MY,18,,18,TCTP,NSX + N tháng,LUI_CUOI_THANG,EXPIRY,EXP,DD/MM/YYYY,,LOT,LOT,DDMMYY,,,,,hh:mm #*S,,,,,[bao bì không in NSX — mốc gốc lấy từ lệnh sản xuất] Ghi chú: Hạn sử dụng 18 tháng,HĐĐG,Đang áp dụng,DA_DUYET,nhập từ Master_DateCode.xlsx,2026-08-31,2027-08-31,
03OT00478,TOCS Original XK Canada (Legendary) 3bl x 8chai x 235ml,,gói; thùng,MIP,CA,18,18,18,TCTP,NSX + N tháng,LUI_CUOI_THANG,EXPIRY,BBF,YYYY MM DD,,LOT,LOT,DDMMYY,,,,,hh:mm #*S,,,,,[bao bì không in NSX — mốc gốc lấy từ lệnh sản xuất] HSD: 18 tháng | Ví dụ: BBF 2027 JL 16 | Lot160126 18:20 2M1 · Best before and Lot code: See on bottle shoulder,HĐĐG,Đang áp dụng,DA_DUYET,nhập từ Master_DateCode.xlsx,2026-08-31,2027-08-31,
03OT00479,TOCS Original XK Canada (Legendary) 2bl x 6chai x 450ml,,gói; thùng,MIP,CA,18,,18,TCTP,NSX + N tháng,LUI_CUOI_THANG,EXPIRY,BBF,YYYY MM DD,,LOT,LOT,DDMMYY,,,,,hh:mm #*S,,,,,[bao bì không in NSX — mốc gốc lấy từ lệnh sản xuất] HSD: 18 tháng | (Sử dụng tốt nhất trước năm/tháng/ngày) | (LOTno ngày/tháng/năm sản xuất) | Ví dụ: BBF 2027 JL 16 | Lot1,HĐĐG,Đang áp dụng,DA_DUYET,nhập từ Master_DateCode.xlsx,2026-08-31,2027-08-31,
03OT00480,TOCS Sriracha XK (CT) Canada (Legendary) 3bl x 8chai x 235ml,,gói; thùng,MIP,CA,18,,18,TCTP,NSX + N tháng,LUI_CUOI_THANG,EXPIRY,BBF,YYYY MM DD,,LOT,LOT,DDMMYY,,,,,hh:mm #*S,,,,,[bao bì không in NSX — mốc gốc lấy từ lệnh sản xuất] HSD: 18 tháng | (Sử dụng tốt nhất trước năm/tháng/ngày) | Ví dụ: BBF 2020 FE 18 | 08:00 6A Lot 221124,HĐĐG,Đang áp dụng,DA_DUYET,nhập từ Master_DateCode.xlsx,2026-08-31,2027-08-31,
03OT00485,TOCS chai eo XK Cambodia 2bl x 6chai x490gr,,gói; thùng,MIP,KH,12,,12,TCTP,NSX + N tháng,LUI_CUOI_THANG,PROD,MFG,DDMMYY,,EXPIRY,EXP,DDMMYY,,,,,hh:mm #*S,,,,,Hạn sử dụng 12 tháng,HĐĐG,Đang áp dụng,DA_DUYET,nhập từ Master_DateCode.xlsx,2026-08-31,2027-08-31,
03OT00491,TOCS XK Poland (Asean Foods) 2bl x 6chai x 480gr,,gói; thùng,MIP,PL,15,,15,TCTP,NSX + N tháng,LUI_CUOI_THANG,EXPIRY,BBF,DD MM YYYY,,LOT,LOT,DDMMYY,,,,,hh:mm #*S,,,,,[bao bì không in NSX — mốc gốc lấy từ lệnh sản xuất] Ghi chú: Hạn sử dụng 15 tháng,HĐĐG,Đang áp dụng,DA_DUYET,nhập từ Master_DateCode.xlsx,2026-08-31,2027-08-31,
03ST00019,"TOCS sa tế XK LB Nga, KAZ, Mongolia - KBG 24chai x 255gr",,gói; thùng,MIP,RU,18,,18,TCTP,NSX + N tháng,LUI_CUOI_THANG,PROD,MFG,DDMMYY,,LOT,LOT,DDMMYY,,EXPIRY,EXP,DDMMYY,,,,,hh:mm #*S,Ghi chú: Hạn sử dụng 18 tháng,HĐĐG,Đang áp dụng,DA_DUYET,nhập từ Master_DateCode.xlsx,2026-08-31,2027-08-31,
03ST00024,TOCS sa tế XK Nga (KBG) CZ 3bl x 8chai x 255gr,,gói; thùng,MIP,RU,18,18,18,TCTP,NSX + N tháng,LUI_CUOI_THANG,PROD,MFG,DDMMYY,,LOT,LOT,DDMMYY,,EXPIRY,EXP,DDMMYY,,,,,hh:mm #*S,Ghi chú: Hạn sử dụng 18 tháng · Best before date: 18 months,HĐĐG,Đang áp dụng,DA_DUYET,nhập từ Master_DateCode.xlsx,2026-08-31,2027-08-31,
08TL001,Nước tăng lực vị cà phê Wakeup 247 4bl x 6 chai x 330ml,WK247,lon/chai; thùng,MBP; MGP; MIP,VN,9,9,9,TCTP,NSX + N tháng,LUI_CUOI_THANG,PROD,NSX,DDMMYY,hh:mm,EXPIRY,HSD,DDMMYY,#*S,,,,,,,,,,HDĐG,Đang áp dụng,DA_DUYET,nhập từ Master_DateCode.xlsx,2026-08-31,2027-08-31,
08TL00100,NTL WK 247 XK Taiwan (Fullerton) 4bl x 6chai x 330ml,,lon/chai; thùng,MIP,TW,9,9,9,TCTP,NSX + N tháng,LUI_CUOI_THANG,PROD,NSX,DDMMYY,hh:mm,EXPIRY,HSD,DDMMYY,#*S,,,,,,,,,LaabbcK hh:pp · Expiry date: See on bottle neck (day/month/year),HĐĐG,Đang áp dụng,DA_DUYET,nhập từ Master_DateCode.xlsx,2026-08-31,2027-08-31,
08TL00103,NTL WK 247 - 4bl x 6chai x 330ml XK Korea (OTL),,lon/chai; thùng,MIP,KR,12,12,12,TCTP,NSX + N tháng,LUI_CUOI_THANG,PROD,NSX,DDMMYY,hh:mm,EXPIRY,HSD,DDMMYY,#*S,,,,,,,,,LaabbcK hh:pp · Expiration date: Until the date marked separately on the product (how to read: EXP day/month/year),HĐĐG,Đang áp dụng,DA_DUYET,nhập từ Master_DateCode.xlsx,2026-08-31,2027-08-31,
08TL00107,Thực phẩm bổ sung nước tăng lực vị cà phê Wake up 247 (QR) 4bl x 6 chai x 330ml,WK247 QR,lon/chai; thùng,MBP; MGP; MIP,VN,9,9,9,TCTP,NSX + N tháng,LUI_CUOI_THANG,PROD,NSX,DDMMYY,hh:mm,EXPIRY,HSD,DDMMYY,#*S,,,,,,,,,,HDĐG,Đang áp dụng,DA_DUYET,nhập từ Master_DateCode.xlsx,2026-08-31,2027-08-31,
03NM00633,NM CSCH XK Czech (Dalat) 12chai x 635ml,,gói; thùng,MIP,CZ,18,18,18,TCTP,NSX + N tháng,LUI_CUOI_THANG,KHAC,,DD MM YYYY,,,,,hh:mm #*S,,,,,,,,,[bao bì không in NSX — mốc gốc lấy từ lệnh sản xuất] Dòng 2: Mã số lô hàng · Best Before date & Lot No: see on package (dd mm yyyy),HĐĐG,Đang áp dụng,CHO_DUYET,nhập từ Master_DateCode.xlsx,2026-08-31,2027-08-31,không in dòng hạn sử dụng
03NM00678,NM CSCH XK UK (Longdan) 15chai x 500ml,,gói; thùng,MIP,GB,18,,18,TCTP,NSX + N tháng,LUI_CUOI_THANG,,,,hh:mm #*S,,,,,,,,,,,,,[bao bì không in NSX — mốc gốc lấy từ lệnh sản xuất],,Đang áp dụng,CHO_DUYET,nhập từ Master_DateCode.xlsx,2026-08-31,2027-08-31,không in dòng hạn sử dụng
03NM00778,NM NN XK Korea (Hyosung) 6can x 2L,,gói; thùng,MIP,KR,18,18,18,TCTP,NSX + N tháng,LUI_CUOI_THANG,,,,hh:mm #*S,,,,,,,,,,,,,[bao bì không in NSX — mốc gốc lấy từ lệnh sản xuất] mẫu lạ: YY/MMMM | EXP DD/YY/MMMM · Ngày/ tháng / năm hết hạn,HĐĐG,Đang áp dụng,CHO_DUYET,nhập từ Master_DateCode.xlsx,2026-08-31,2027-08-31,không in dòng hạn sử dụng
03NM00791,Nước mắm Nam Ngư (QR) 15 chai x 900ml,NN 900; NN900; NN 900 QR,chai; thùng,,VN,12,12,12,TCTP,NSX + N tháng,LUI_CUOI_THANG,PROD,NSX,DDMMYY,,EXPIRY,HSD,DDMMYY,,,,,hh:mm #*S,,,,,,HDĐG,Đang áp dụng,CHO_DUYET,nhập từ Master_DateCode.xlsx,2026-08-31,2027-08-31,chưa khai site áp dụng
03NM00821,Nước mắm Nam Ngư XK Lào 3bl x 8 chai x 500ml,NN XK Lào,chai; thùng,MBP; MIP,LA,12,12,12,TCTP,NSX + N tháng,LUI_CUOI_THANG,PROD,MFG,DDMMYY,,EXPIRY,EXP,DDMMYY,,,,,hh:mm #*S,KHAC,,FDD,2100994,,HDĐG,Đang áp dụng,CHO_DUYET,nhập từ Master_DateCode.xlsx,2026-08-31,2027-08-31,mẫu ngày dòng 4 'FDD' engine chưa đọc được
03NM00899,NM CSCH XK Sweden (Hungfat) 12chai x 635ml,,gói; thùng,MIP,SE,18,,18,TCTP,NSX + N tháng,LUI_CUOI_THANG,KHAC,,DD MM YYYY,,,,,hh:mm #*S,,,,,,,,,[bao bì không in NSX — mốc gốc lấy từ lệnh sản xuất] VN/845/IV/STT LÔ,Thực tế in,Đang áp dụng,CHO_DUYET,nhập từ Master_DateCode.xlsx,2026-08-31,2027-08-31,không in dòng hạn sử dụng
03NM00910,NM CSCH XK Netherlands (LTP) 12chai x 635ml,,gói; thùng,MIP,NL,18,,18,TCTP,NSX + N tháng,LUI_CUOI_THANG,,,,hh:mm #*S,,,,,,,,,,,,,[bao bì không in NSX — mốc gốc lấy từ lệnh sản xuất],,Đang áp dụng,CHO_DUYET,nhập từ Master_DateCode.xlsx,2026-08-31,2027-08-31,không in dòng hạn sử dụng
03NM00925,NC CHIN-SU Foods Đồng tiền vàng XK Cam (HSL) 6chai x 1.8L,,gói; thùng,MIP,KH,12,,12,TCTP,NSX + N tháng,LUI_CUOI_THANG,,,,hh:mm #*S,,,,,,,,,,,,,[bao bì không in NSX — mốc gốc lấy từ lệnh sản xuất] Chưa sx · Chưa sx,,Đang áp dụng,CHO_DUYET,nhập từ Master_DateCode.xlsx,2026-08-31,2027-08-31,không in dòng hạn sử dụng
03NM00926,NC CHIN-SU Foods Đồng tiền vàng XK Cam (HSL) 4chai x 4.8L,,gói; thùng,MIP,KH,,,,,NSX + N tháng,LUI_CUOI_THANG,,,,hh:mm #*S,,,,,,,,,,,,,[bao bì không in NSX — mốc gốc lấy từ lệnh sản xuất] Chưa sx · Chưa sx,,Đang áp dụng,CHO_DUYET,nhập từ Master_DateCode.xlsx,2026-08-31,2027-08-31,thiếu số tháng HSD · không in dòng hạn sử dụng
03NT00446,NT TTT nhất ca XK China 4bl x 6chai x 500ml,,chai; thùng,MIP,CN,,,,,NSX + N tháng,LUI_CUOI_THANG,PROD,MFG,YYYY/MM/DD,,EXPIRY,EXP,YYYY/MM/DD,,,,,hh:mm #*S,,,,,Chưa sx,,Đang áp dụng,CHO_DUYET,nhập từ Master_DateCode.xlsx,2026-08-31,2027-08-31,thiếu số tháng HSD
03OT00172,TOCS XK Russia (Venta) 3bl x 8chai x 250gr,,gói; thùng,MIP,RU,,,,,NSX + N tháng,LUI_CUOI_THANG,,,,hh:mm #*S,,,,,,,,,,,,,[bao bì không in NSX — mốc gốc lấy từ lệnh sản xuất],,Đang áp dụng,CHO_DUYET,nhập từ Master_DateCode.xlsx,2026-08-31,2027-08-31,thiếu số tháng HSD · không in dòng hạn sử dụng
03OT00224,TOCS XK XingBao 2bl x 6chai x 500gr,,gói; thùng,MIP,,18,,18,TCTP,NSX + N tháng,LUI_CUOI_THANG,,,,hh:mm #*S,,,,,,,,,,,,,[bao bì không in NSX — mốc gốc lấy từ lệnh sản xuất],,Đang áp dụng,CHO_DUYET,nhập từ Master_DateCode.xlsx,2026-08-31,2027-08-31,không in dòng hạn sử dụng
03OT00348,TOCS Sriracha (CT) XK Hàn (Hyosung) 3bl x 8chai x 115gr,,gói; thùng,MIP,KR,,,,,NSX + N tháng,LUI_CUOI_THANG,,,,hh:mm #*S,,,,,,,,,,,,,[bao bì không in NSX — mốc gốc lấy từ lệnh sản xuất],,Đang áp dụng,CHO_DUYET,nhập từ Master_DateCode.xlsx,2026-08-31,2027-08-31,thiếu số tháng HSD · không in dòng hạn sử dụng
03OT00349,TOCS Sriracha (CD) XK Hàn (Hyosung) 3bl x 8chai x 275gr,,gói; thùng,MIP,KR,,,,,NSX + N tháng,LUI_CUOI_THANG,,,,hh:mm #*S,,,,,,,,,,,,,[bao bì không in NSX — mốc gốc lấy từ lệnh sản xuất],,Đang áp dụng,CHO_DUYET,nhập từ Master_DateCode.xlsx,2026-08-31,2027-08-31,thiếu số tháng HSD · không in dòng hạn sử dụng
03OT00405,TOCS XK Canada (Hen Long) 3bl x 8 chai x 235ml,,gói; thùng,MIP,CA,,,,,NSX + N tháng,LUI_CUOI_THANG,EXPIRY,BBF,YYYY MM DD,,LOT,LOT,DDMMYY,,,,,hh:mm #*S,,,,,[bao bì không in NSX — mốc gốc lấy từ lệnh sản xuất] Best before and Lot code: See on bottle shoulder,Thực tế in,Đang áp dụng,CHO_DUYET,nhập từ Master_DateCode.xlsx,2026-08-31,2027-08-31,thiếu số tháng HSD
03OT00406,TOCS XK Canada (Hen Long) 2bl x 6chai x 450ml,,gói; thùng,MIP,CA,,,,,NSX + N tháng,LUI_CUOI_THANG,,,,hh:mm #*S,,,,,,,,,,,,,[bao bì không in NSX — mốc gốc lấy từ lệnh sản xuất],,Đang áp dụng,CHO_DUYET,nhập từ Master_DateCode.xlsx,2026-08-31,2027-08-31,thiếu số tháng HSD · không in dòng hạn sử dụng
03OT00453,TOCS Sriracha XK Mỹ (Seattle) 16bịch x 50gói x 10gr,,gói; thùng,MIP,US,,,,,NSX + N tháng,LUI_CUOI_THANG,,,,hh:mm #*S,,,,,,,,,,,,,[bao bì không in NSX — mốc gốc lấy từ lệnh sản xuất],,Đang áp dụng,CHO_DUYET,nhập từ Master_DateCode.xlsx,2026-08-31,2027-08-31,thiếu số tháng HSD · không in dòng hạn sử dụng
03OT00459,TOCS chua ngọt XK Nga 24chai x 265gr (CT),,gói; thùng,MIP,RU,,,,,NSX + N tháng,LUI_CUOI_THANG,,,,hh:mm #*S,,,,,,,,,,,,,[bao bì không in NSX — mốc gốc lấy từ lệnh sản xuất],,Đang áp dụng,CHO_DUYET,nhập từ Master_DateCode.xlsx,2026-08-31,2027-08-31,thiếu số tháng HSD · không in dòng hạn sử dụng
03OT00460,TOCS Original XK Canada (88 Supermarket) 3bl x 8chai x 235ml,,gói; thùng,MIP,CA,,,,,NSX + N tháng,LUI_CUOI_THANG,EXPIRY,BBF,YYYY MM DD,,LOT,LOT,DDMMYY,,,,,hh:mm #*S,,,,,[bao bì không in NSX — mốc gốc lấy từ lệnh sản xuất] Best before and Lot code: See on bottle shoulder,Thực tế in,Đang áp dụng,CHO_DUYET,nhập từ Master_DateCode.xlsx,2026-08-31,2027-08-31,thiếu số tháng HSD
03OT00461,TOCS Original XK Canada (88 Supermarket) 2bl x 6chai x 450ml,,gói; thùng,MIP,CA,,,,,NSX + N tháng,LUI_CUOI_THANG,,,,hh:mm #*S,,,,,,,,,,,,,[bao bì không in NSX — mốc gốc lấy từ lệnh sản xuất],,Đang áp dụng,CHO_DUYET,nhập từ Master_DateCode.xlsx,2026-08-31,2027-08-31,thiếu số tháng HSD · không in dòng hạn sử dụng
03OT00463,TOCS Sriracha XK (CT) Canada (88 Supermarket) 3bl x 8chai x 235ml,,gói; thùng,MIP,CA,,,,,NSX + N tháng,LUI_CUOI_THANG,,,,hh:mm #*S,,,,,,,,,,,,,[bao bì không in NSX — mốc gốc lấy từ lệnh sản xuất],,Đang áp dụng,CHO_DUYET,nhập từ Master_DateCode.xlsx,2026-08-31,2027-08-31,thiếu số tháng HSD · không in dòng hạn sử dụng
03OT00464,TOCS Original XK Canada (Choy-Foong) 3bl x 8chai x 235ml,,gói; thùng,MIP,CA,,,,,NSX + N tháng,LUI_CUOI_THANG,EXPIRY,BBF,YYYY MM DD,,LOT,LOT,DDMMYY,,,,,hh:mm #*S,,,,,[bao bì không in NSX — mốc gốc lấy từ lệnh sản xuất] Best before and Lot code: See on bottle shoulder,Thực tế in,Đang áp dụng,CHO_DUYET,nhập từ Master_DateCode.xlsx,2026-08-31,2027-08-31,thiếu số tháng HSD
03OT00465,TOCS Original XK Canada (Choy-Foong) 2bl x 6chai x 450ml,,gói; thùng,MIP,CA,,,,,NSX + N tháng,LUI_CUOI_THANG,,,,hh:mm #*S,,,,,,,,,,,,,[bao bì không in NSX — mốc gốc lấy từ lệnh sản xuất],,Đang áp dụng,CHO_DUYET,nhập từ Master_DateCode.xlsx,2026-08-31,2027-08-31,thiếu số tháng HSD · không in dòng hạn sử dụng
03OT00467,TOCS Sriracha XK (CT) Canada (Choy-Foong) 3bl x 8chai x 235ml,,gói; thùng,MIP,CA,,,,,NSX + N tháng,LUI_CUOI_THANG,,,,hh:mm #*S,,,,,,,,,,,,,[bao bì không in NSX — mốc gốc lấy từ lệnh sản xuất],,Đang áp dụng,CHO_DUYET,nhập từ Master_DateCode.xlsx,2026-08-31,2027-08-31,thiếu số tháng HSD · không in dòng hạn sử dụng
03OT00481,TOCS Sriracha XK Canada (Hen Long) (CT-CBQ) 3bl x 8chai x 235ml,,gói; thùng,MIP,CA,,,,,NSX + N tháng,LUI_CUOI_THANG,,,,hh:mm #*S,,,,,,,,,,,,,[bao bì không in NSX — mốc gốc lấy từ lệnh sản xuất],,Đang áp dụng,CHO_DUYET,nhập từ Master_DateCode.xlsx,2026-08-31,2027-08-31,thiếu số tháng HSD · không in dòng hạn sử dụng
03OT00489,Tương ớt CHIN-SU chai tròn XK Cambodia 4bl x 6chai x 450gr,,gói; thùng,MIP,KH,,,,,NSX + N tháng,LUI_CUOI_THANG,,,,hh:mm #*S,,,,,,,,,,,,,[bao bì không in NSX — mốc gốc lấy từ lệnh sản xuất],,Đang áp dụng,CHO_DUYET,nhập từ Master_DateCode.xlsx,2026-08-31,2027-08-31,thiếu số tháng HSD · không in dòng hạn sử dụng
08TL00062,NTL WK 247 - 4bl x 6chai x 330ml XK China,,lon/chai; thùng,MIP,CN,,,,,NSX + N tháng,LUI_CUOI_THANG,PROD,NSX,DDMMYY,hh:mm,EXPIRY,HSD,DDMMYY,#*S,,,,,,,,,,,Đang áp dụng,CHO_DUYET,nhập từ Master_DateCode.xlsx,2026-08-31,2027-08-31,thiếu số tháng HSD
99NM80085,NMCS chua ngọt XK Mỹ 4canx4.8L,,gói; thùng,MIP,US,,,,,NSX + N tháng,LUI_CUOI_THANG,,,,,,,,,,,,,,,,,[bao bì không in NSX — mốc gốc lấy từ lệnh sản xuất] Chưa sx · Chưa sx,,Đang áp dụng,CHO_DUYET,nhập từ Master_DateCode.xlsx,2026-08-31,2027-08-31,thiếu số tháng HSD · không in dòng hạn sử dụng
